"date","week_in_month","department","day","team","targeted_productivity","smv","over_time","incentive","idle_time","idle_men","no_of_style_change","no_of_workers","actual_productivity","wip_sewing","Y"
2015-01-01,"week_1",0,"Thursday","8",0.8,26.16,7080,98,0,0,0,59,0.940725424,1108,1
2015-01-01,"week_1",1,"Thursday","1",0.75,3.94,960,0,0,0,0,8,0.8865,0,1
2015-01-01,"week_1",0,"Thursday","11",0.8,11.41,3660,50,0,0,0,31,0.800570492,968,1
2015-01-01,"week_1",0,"Thursday","12",0.8,11.41,3660,50,0,0,0,31,0.800570492,968,1
2015-01-01,"week_1",0,"Thursday","6",0.8,25.9,1920,50,0,0,0,56,0.800381944,1170,1
2015-01-01,"week_1",0,"Thursday","7",0.8,25.9,6720,38,0,0,0,56,0.800125,984,1
2015-01-01,"week_1",1,"Thursday","2",0.75,3.94,960,0,0,0,0,8,0.755166667,0,1
2015-01-01,"week_1",0,"Thursday","3",0.75,28.08,6900,45,0,0,0,58,0.753683478,795,1
2015-01-01,"week_1",0,"Thursday","2",0.75,19.87,6000,34,0,0,0,55,0.753097531,733,1
2015-01-01,"week_1",0,"Thursday","1",0.75,28.08,6900,45,0,0,0,58,0.750427826,681,1
2015-01-01,"week_1",0,"Thursday","9",0.7,28.08,6900,44,0,0,0,58,0.721126957,872,1
2015-01-01,"week_1",0,"Thursday","10",0.75,19.31,6480,45,0,0,0,54,0.712205247,578,0
2015-01-01,"week_1",0,"Thursday","5",0.8,11.41,3660,50,0,0,0,31,0.707045902,668,0
2015-01-01,"week_1",1,"Thursday","10",0.65,3.94,960,0,0,0,0,8,0.705916667,0,1
2015-01-01,"week_1",1,"Thursday","8",0.75,2.9,960,0,0,0,0,8,0.676666667,0,0
2015-01-01,"week_1",1,"Thursday","4",0.75,3.94,2160,0,0,0,0,18,0.593055556,0,0
2015-01-01,"week_1",1,"Thursday","7",0.8,2.9,960,0,0,0,0,8,0.540729167,0,0
2015-01-01,"week_1",0,"Thursday","4",0.65,23.69,7200,0,0,0,0,60,0.52118,861,0
2015-01-01,"week_1",1,"Thursday","11",0.7,4.15,1440,0,0,0,0,12,0.436326389,0,0
2015-01-03,"week_1",1,"Saturday","4",0.8,4.15,6600,0,0,0,0,20,0.988024691,0,1
2015-01-03,"week_1",1,"Saturday","11",0.75,2.9,5640,0,0,0,0,17,0.987880435,0,1
2015-01-03,"week_1",1,"Saturday","9",0.8,4.15,960,0,0,0,0,8,0.956270833,0,1
2015-01-03,"week_1",1,"Saturday","3",0.75,3.94,1560,0,0,0,0,8,0.945277778,0,1
2015-01-03,"week_1",1,"Saturday","1",0.8,3.94,960,0,0,0,0,8,0.902916667,0,1
2015-01-03,"week_1",0,"Saturday","1",0.8,28.08,6300,50,0,0,0,57,0.800725314,772,1
2015-01-03,"week_1",0,"Saturday","3",0.8,28.08,6540,50,0,0,0,55,0.800322936,913,1
2015-01-03,"week_1",0,"Saturday","8",0.8,26.16,7080,50,0,0,0,59,0.800318644,1261,1
2015-01-03,"week_1",0,"Saturday","12",0.8,26.16,7080,63,0,0,0,59,0.800318644,844,1
2015-01-03,"week_1",0,"Saturday","11",0.8,11.61,7080,50,0,0,0,30,0.800237288,1005,1
2015-01-03,"week_1",0,"Saturday","5",0.8,11.61,7080,50,0,0,0,32,0.800148649,659,1
2015-01-03,"week_1",0,"Saturday","6",0.8,25.9,6720,50,0,0,0,56,0.800125,1152,1
2015-01-03,"week_1",0,"Saturday","7",0.8,25.9,6720,38,0,0,0,56,0.800125,1138,1
2015-01-03,"week_1",0,"Saturday","10",0.75,19.31,6480,56,0,0,0,54,0.787299691,610,1
2015-01-03,"week_1",1,"Saturday","2",0.8,4.15,960,0,0,0,0,8,0.782447917,0,0
2015-01-03,"week_1",0,"Saturday","2",0.75,19.87,6600,45,0,0,0,55,0.75024303,944,1
2015-01-03,"week_1",1,"Saturday","10",0.7,4.15,960,0,0,0,0,8,0.7018125,0,1
2015-01-03,"week_1",0,"Saturday","4",0.7,23.69,13800,0,0,0,0,60,0.700134038,544,1
2015-01-03,"week_1",0,"Saturday","9",0.7,28.08,6900,40,0,0,0,58,0.699965217,1072,1
2015-01-03,"week_1",1,"Saturday","8",0.8,2.9,960,0,0,0,0,8,0.628333333,0,0
2015-01-03,"week_1",1,"Saturday","7",0.8,3.94,960,0,0,0,0,8,0.6253125,0,0
2015-01-04,"week_1",1,"Sunday","3",0.75,4.15,1560,0,0,0,0,8,0.991388889,0,1
2015-01-04,"week_1",1,"Sunday","9",0.8,3.94,960,0,0,0,0,8,0.931645833,0,1
2015-01-04,"week_1",1,"Sunday","1",0.8,3.94,960,0,0,0,0,8,0.915229167,0,1
2015-01-04,"week_1",0,"Sunday","6",0.8,11.61,6975,50,0,0,0,31,0.879714482,539,1
2015-01-04,"week_1",1,"Sunday","4",0.8,3.94,6600,0,0,0,0,20,0.861679012,0,1
2015-01-04,"week_1",0,"Sunday","9",0.8,26.16,7080,60,0,0,0,59,0.850569492,1278,1
2015-01-04,"week_1",0,"Sunday","7",0.8,25.9,7020,60,0,0,0,57,0.850436438,1227,1
2015-01-04,"week_1",0,"Sunday","8",0.8,25.9,6780,45,0,0,0,57,0.850345133,1039,1
2015-01-04,"week_1",0,"Sunday","4",0.8,28.08,4260,50,0,0,0,56,0.800598058,878,1
2015-01-04,"week_1",0,"Sunday","1",0.8,26.16,7080,63,0,0,0,59,0.800318644,1033,1
2015-01-04,"week_1",0,"Sunday","2",0.8,28.08,6660,50,0,0,0,56,0.800237838,782,1
2015-01-04,"week_1",0,"Sunday","12",0.8,11.61,6975,50,0,0,0,31,0.800030199,1216,1
2015-01-04,"week_1",1,"Sunday","2",0.8,3.94,960,0,0,0,0,8,0.792104167,0,0
2015-01-04,"week_1",1,"Sunday","10",0.7,3.94,4320,0,0,0,0,18,0.759228395,0,1
2015-01-04,"week_1",0,"Sunday","11",0.75,19.31,6480,45,0,0,0,54,0.750348457,513,1
2015-01-04,"week_1",0,"Sunday","3",0.75,19.87,6600,45,0,0,0,55,0.75024303,734,1
2015-01-04,"week_1",0,"Sunday","10",0.7,28.08,6900,40,0,0,0,58,0.699965217,1202,1
2015-01-04,"week_1",1,"Sunday","8",0.8,2.9,960,0,0,0,0,8,0.682708333,0,0
2015-01-04,"week_1",1,"Sunday","7",0.8,2.9,960,0,0,0,0,8,0.667604167,0,0
2015-01-04,"week_1",0,"Sunday","5",0.7,45.67,6960,26,0,0,0,58,0.603432184,884,0
2015-01-04,"week_1",1,"Sunday","11",0.75,4.15,960,0,0,0,0,8,0.345833333,0,0
2015-01-05,"week_1",1,"Monday","1",0.8,3.94,1920,0,0,0,0,8,0.961059028,0,1
2015-01-05,"week_1",1,"Monday","11",0.8,3.94,2400,0,0,0,0,10,0.939513889,0,1
2015-01-05,"week_1",1,"Monday","4",0.8,3.94,3840,0,0,0,0,16,0.893663194,0,1
2015-01-05,"week_1",1,"Monday","3",0.75,4.15,1920,0,0,0,0,8,0.875390625,0,1
2015-01-05,"week_1",0,"Monday","9",0.8,26.16,7080,75,0,0,0,59,0.850569492,1227,1
2015-01-05,"week_1",1,"Monday","9",0.8,2.9,1920,0,0,0,0,8,0.820833333,0,1
2015-01-05,"week_1",1,"Monday","2",0.8,3.94,960,0,0,0,0,8,0.804416667,0,1
2015-01-05,"week_1",0,"Monday","7",0.8,25.9,6780,50,0,0,0,57,0.800684366,1255,1
2015-01-05,"week_1",0,"Monday","8",0.8,25.9,6780,38,0,0,0,57,0.800684366,1047,1
2015-01-05,"week_1",0,"Monday","1",0.8,26.16,7080,63,0,0,0,59,0.800318644,1138,1
2015-01-05,"week_1",0,"Monday","11",0.8,19.31,4800,50,0,0,0,55,0.800250962,678,1
2015-01-05,"week_1",0,"Monday","6",0.8,11.61,7200,50,0,0,0,32,0.800246011,712,1
2015-01-05,"week_1",0,"Monday","12",0.8,11.61,7200,50,0,0,0,32,0.800246011,1037,1
2015-01-05,"week_1",0,"Monday","2",0.8,28.08,6900,50,0,0,0,58,0.800076522,757,1
2015-01-05,"week_1",0,"Monday","4",0.8,28.08,6900,50,0,0,0,58,0.800076522,759,1
2015-01-05,"week_1",1,"Monday","10",0.75,2.9,960,0,0,0,0,8,0.763375,0,1
2015-01-05,"week_1",1,"Monday","5",0.6,2.9,960,0,0,0,0,8,0.759270833,0,1
2015-01-05,"week_1",0,"Monday","10",0.75,28.08,7020,45,0,0,0,59,0.7504,1083,1
2015-01-05,"week_1",0,"Monday","3",0.75,19.87,6600,45,0,0,0,55,0.75024303,944,1
2015-01-05,"week_1",1,"Monday","7",0.8,3.94,960,0,0,0,0,8,0.676666667,0,0
2015-01-05,"week_1",1,"Monday","8",0.8,2.9,960,0,0,0,0,8,0.664583333,0,0
2015-01-05,"week_1",0,"Monday","5",0.6,21.98,6960,23,0,0,0,58,0.600028736,666,1
2015-01-06,"week_1",1,"Tuesday","4",0.8,3.94,4440,0,0,0,0,18,0.966781346,0,1
2015-01-06,"week_1",1,"Tuesday","1",0.8,3.94,1440,0,0,0,0,8,0.936496212,0,1
2015-01-06,"week_1",1,"Tuesday","3",0.75,4.15,1800,0,0,0,0,10,0.899166667,0,1
2015-01-06,"week_1",1,"Tuesday","11",0.8,4.15,2700,0,0,0,0,15,0.888686869,0,1
2015-01-06,"week_1",1,"Tuesday","9",0.8,3.94,1440,0,0,0,0,8,0.858143939,0,1
2015-01-06,"week_1",0,"Tuesday","1",0.8,26.16,10620,75,0,0,0,59,0.850502311,1187,1
2015-01-06,"week_1",0,"Tuesday","9",0.8,26.16,10620,75,0,0,0,59,0.850502311,1305,1
2015-01-06,"week_1",1,"Tuesday","10",0.75,3.94,1440,0,0,0,0,8,0.809640152,0,1
2015-01-06,"week_1",1,"Tuesday","2",0.8,3.94,1440,0,0,0,0,8,0.805909091,0,1
2015-01-06,"week_1",0,"Tuesday","2",0.8,28.08,10350,50,0,0,0,58,0.800594466,716,1
2015-01-06,"week_1",0,"Tuesday","4",0.8,28.08,10350,50,0,0,0,58,0.800594466,925,1
2015-01-06,"week_1",0,"Tuesday","3",0.8,19.87,9900,50,0,0,0,55,0.800273829,963,1
2015-01-06,"week_1",0,"Tuesday","12",0.8,11.61,5310,50,0,0,0,32,0.800140969,1101,1
2015-01-06,"week_1",0,"Tuesday","7",0.8,25.9,10170,38,0,0,0,57,0.800128721,1035,1
2015-01-06,"week_1",0,"Tuesday","8",0.8,25.9,10170,38,0,0,0,57,0.800128721,1083,1
2015-01-06,"week_1",0,"Tuesday","6",0.8,11.61,4470,38,0,0,0,32,0.80007657,910,1
2015-01-06,"week_1",0,"Tuesday","10",0.75,28.08,10530,45,0,0,0,59,0.750545455,1209,1
2015-01-06,"week_1",0,"Tuesday","11",0.75,19.31,9900,45,0,0,0,55,0.750057851,590,1
2015-01-06,"week_1",1,"Tuesday","8",0.8,2.9,1440,0,0,0,0,8,0.681060606,0,0
2015-01-06,"week_1",0,"Tuesday","5",0.65,21.98,10440,35,0,0,0,58,0.649983281,808,1
2015-01-06,"week_1",1,"Tuesday","7",0.8,2.9,1440,0,0,0,0,8,0.61625,0,0
2015-01-07,"week_1",1,"Wednesday","1",0.8,3.94,1440,0,0,0,0,8,0.951420455,0,1
2015-01-07,"week_1",1,"Wednesday","9",0.8,3.94,1440,0,0,0,0,8,0.880530303,0,1
2015-01-07,"week_1",0,"Wednesday","1",0.8,26.16,10620,75,0,0,0,59,0.850502311,1179,1
2015-01-07,"week_1",0,"Wednesday","9",0.8,26.16,10620,75,0,0,0,59,0.850502311,1324,1
2015-01-07,"week_1",0,"Wednesday","8",0.8,25.9,10170,60,0,0,0,57,0.850136766,1135,1
2015-01-07,"week_1",1,"Wednesday","3",0.75,4.15,2700,0,0,0,0,15,0.83,0,1
2015-01-07,"week_1",1,"Wednesday","4",0.8,3.94,4440,0,0,0,0,18,0.827186544,0,1
2015-01-07,"week_1",1,"Wednesday","2",0.8,3.94,1440,0,0,0,0,8,0.813371212,0,1
2015-01-07,"week_1",1,"Wednesday","10",0.75,3.94,1440,0,0,0,0,8,0.805909091,0,1
2015-01-07,"week_1",1,"Wednesday","7",0.8,2.9,1440,0,0,0,0,8,0.804640152,0,1
2015-01-07,"week_1",0,"Wednesday","2",0.8,28.08,10350,63,0,0,0,58,0.800594466,776,1
2015-01-07,"week_1",0,"Wednesday","4",0.8,28.08,10350,50,0,0,0,58,0.800594466,990,1
2015-01-07,"week_1",0,"Wednesday","6",0.8,11.41,5490,50,0,0,0,31,0.800343766,986,1
2015-01-07,"week_1",0,"Wednesday","3",0.8,19.87,9900,50,0,0,0,55,0.800273829,924,1
2015-01-07,"week_1",0,"Wednesday","12",0.8,11.61,5670,50,0,0,0,32,0.800246753,1120,1
2015-01-07,"week_1",0,"Wednesday","7",0.8,25.9,10170,50,0,0,0,57,0.800128721,1066,1
2015-01-07,"week_1",0,"Wednesday","10",0.75,28.08,10530,69,0,0,0,59,0.8,1144,1
2015-01-07,"week_1",0,"Wednesday","5",0.7,21.98,9720,40,0,0,0,58,0.700480831,413,1
2015-01-07,"week_1",1,"Wednesday","8",0.8,2.9,1440,0,0,0,0,8,0.681060606,0,0
2015-01-07,"week_1",1,"Wednesday","6",0.8,2.9,1800,0,0,0,0,10,0.666515152,0,0
2015-01-07,"week_1",0,"Wednesday","11",0.8,31.83,9900,40,0,0,0,55,0.412119835,568,0
2015-01-07,"week_1",1,"Wednesday","5",0.7,4.15,1440,0,0,0,0,8,0.330113636,0,0
2015-01-08,"week_2",1,"Thursday","1",0.8,3.94,1440,0,0,0,0,8,0.947689394,0,1
2015-01-08,"week_2",1,"Thursday","4",0.8,3.94,12600,0,0,0,0,20,0.919905405,0,1
2015-01-08,"week_2",0,"Thursday","9",0.8,26.16,10620,88,0,0,0,59,0.900215716,1216,1
2015-01-08,"week_2",1,"Thursday","9",0.8,3.94,1440,0,0,0,0,8,0.891723485,0,1
2015-01-08,"week_2",0,"Thursday","1",0.8,26.16,10620,75,0,0,0,59,0.850502311,1189,1
2015-01-08,"week_2",0,"Thursday","4",0.8,28.08,10530,75,0,0,0,59,0.850181818,942,1
2015-01-08,"week_2",0,"Thursday","7",0.8,25.9,10170,60,0,0,0,57,0.850136766,1050,1
2015-01-08,"week_2",0,"Thursday","8",0.8,25.9,10170,60,0,0,0,57,0.850136766,1026,1
2015-01-08,"week_2",1,"Thursday","2",0.8,3.94,1440,0,0,0,0,8,0.835757576,0,1
2015-01-08,"week_2",1,"Thursday","5",0.7,4.15,3840,0,0,0,0,8,0.821354167,0,1
2015-01-08,"week_2",0,"Thursday","2",0.8,28.08,10050,63,0,0,0,59,0.800497246,783,1
2015-01-08,"week_2",0,"Thursday","3",0.8,19.87,9900,50,0,0,0,55,0.800273829,857,1
2015-01-08,"week_2",0,"Thursday","12",0.8,11.61,15120,63,0,0,0,32,0.800107143,548,1
2015-01-08,"week_2",0,"Thursday","6",0.8,11.41,14640,50,0,0,0,31,0.800024932,411,1
2015-01-08,"week_2",0,"Thursday","10",0.75,28.08,10530,69,0,0,0,59,0.8,1066,1
2015-01-08,"week_2",1,"Thursday","10",0.75,3.94,1440,0,0,0,0,8,0.779791667,0,1
2015-01-08,"week_2",1,"Thursday","8",0.8,2.9,1440,0,0,0,0,8,0.735984848,0,0
2015-01-08,"week_2",1,"Thursday","3",0.75,4.15,2160,0,0,0,0,12,0.712626263,0,0
2015-01-08,"week_2",1,"Thursday","7",0.8,2.9,1440,0,0,0,0,8,0.681060606,0,0
2015-01-08,"week_2",1,"Thursday","11",0.8,4.15,900,0,0,0,0,5,0.515606061,0,0
2015-01-08,"week_2",0,"Thursday","11",0.35,12.52,25920,38,0,0,0,54,0.349951389,287,1
2015-01-08,"week_2",0,"Thursday","5",0.7,42.41,10260,0,0,0,0,57,0.233705476,724,0
2015-01-10,"week_2",1,"Saturday","1",0.8,3.94,2160,0,0,0,0,8,0.985,0,1
2015-01-10,"week_2",1,"Saturday","3",0.75,4.15,2760,0,0,0,0,12,0.930340376,0,1
2015-01-10,"week_2",1,"Saturday","4",0.8,3.94,6000,0,0,0,0,20,0.911589744,0,1
2015-01-10,"week_2",1,"Saturday","9",0.8,3.94,1440,0,0,0,0,8,0.858143939,0,1
2015-01-10,"week_2",0,"Saturday","9",0.8,26.16,10620,75,0,0,0,59,0.851174114,1122,1
2015-01-10,"week_2",0,"Saturday","7",0.8,25.9,10170,60,0,0,0,57,0.850136766,970,1
2015-01-10,"week_2",0,"Saturday","8",0.8,25.9,10170,60,0,0,0,57,0.850136766,1158,1
2015-01-10,"week_2",1,"Saturday","10",0.8,3.94,1440,0,0,0,0,8,0.846950758,0,1
2015-01-10,"week_2",1,"Saturday","11",0.8,4.15,1440,0,0,0,0,8,0.817424242,0,1
2015-01-10,"week_2",1,"Saturday","2",0.8,3.94,1440,0,0,0,0,8,0.817102273,0,1
2015-01-10,"week_2",0,"Saturday","4",0.8,28.08,10440,63,0,0,0,58,0.801028213,660,1
2015-01-10,"week_2",0,"Saturday","2",0.8,28.08,10350,63,0,0,0,58,0.800594466,749,1
2015-01-10,"week_2",0,"Saturday","12",0.8,11.61,4710,50,0,0,0,32,0.800346445,893,1
2015-01-10,"week_2",0,"Saturday","6",0.8,11.41,5490,50,0,0,0,31,0.800343766,887,1
2015-01-10,"week_2",0,"Saturday","1",0.8,26.16,10620,63,0,0,0,59,0.800117103,1335,1
2015-01-10,"week_2",0,"Saturday","10",0.8,28.08,10530,63,0,0,0,59,0.8,1082,1
2015-01-10,"week_2",0,"Saturday","3",0.75,19.87,7080,45,0,0,0,56,0.750098351,1075,1
2015-01-10,"week_2",0,"Saturday","11",0.5,12.52,9540,38,0,0,0,53,0.673245283,749,1
2015-01-10,"week_2",1,"Saturday","7",0.8,2.9,1440,0,0,0,0,8,0.670075758,0,0
2015-01-10,"week_2",1,"Saturday","8",0.8,2.9,1440,0,0,0,0,8,0.628882576,0,0
2015-01-10,"week_2",0,"Saturday","5",0.5,20.79,7680,0,0,0,0,56,0.388007813,966,0
2015-01-10,"week_2",1,"Saturday","5",0.5,4.15,1440,0,0,0,0,8,0.337973485,0,0
2015-01-11,"week_2",1,"Sunday","3",0.75,4.15,1440,0,0,0,0,8,0.93532197,0,1
2015-01-11,"week_2",1,"Sunday","4",0.8,3.94,3600,0,0,0,0,20,0.925643939,0,1
2015-01-11,"week_2",0,"Sunday","9",0.8,26.16,10620,88,0,0,0,59,0.900215716,1095,1
2015-01-11,"week_2",1,"Sunday","1",0.8,3.94,1440,0,0,0,0,8,0.873068182,0,1
2015-01-11,"week_2",1,"Sunday","9",0.8,3.94,1440,0,0,0,0,8,0.858143939,0,1
2015-01-11,"week_2",0,"Sunday","1",0.8,26.16,10620,75,0,0,0,59,0.850502311,1383,1
2015-01-11,"week_2",0,"Sunday","7",0.8,25.9,10170,45,0,0,0,57,0.850136766,1012,1
2015-01-11,"week_2",0,"Sunday","8",0.8,25.9,10170,60,0,0,0,57,0.850136766,1209,1
2015-01-11,"week_2",1,"Sunday","10",0.8,3.94,1440,0,0,0,0,8,0.828295455,0,1
2015-01-11,"week_2",1,"Sunday","2",0.8,3.94,1440,0,0,0,0,8,0.820833333,0,1
2015-01-11,"week_2",0,"Sunday","6",0.8,11.41,5490,50,0,0,0,31,0.800343766,887,1
2015-01-11,"week_2",0,"Sunday","12",0.8,11.61,5670,50,0,0,0,32,0.800246753,896,1
2015-01-11,"week_2",0,"Sunday","2",0.8,28.08,10530,63,0,0,0,59,0.8,805,1
2015-01-11,"week_2",0,"Sunday","10",0.8,28.08,10530,38,0,0,0,59,0.8,762,1
2015-01-11,"week_2",0,"Sunday","3",0.8,19.87,6420,0,0,0,0,55,0.690182815,1043,0
2015-01-11,"week_2",1,"Sunday","11",0.8,4.15,1440,0,0,0,0,8,0.668087121,0,0
2015-01-11,"week_2",1,"Sunday","8",0.8,2.9,1440,0,0,0,0,8,0.653598485,0,0
2015-01-11,"week_2",1,"Sunday","5",0.5,4.15,1440,0,0,0,0,8,0.609138258,0,1
2015-01-11,"week_2",0,"Sunday","11",0.6,12.52,9540,30,0,0,0,53,0.600229846,831,1
2015-01-11,"week_2",1,"Sunday","6",0.8,2.9,1440,0,0,0,0,8,0.597348485,0,0
2015-01-11,"week_2",1,"Sunday","7",0.8,2.9,1440,0,0,0,0,8,0.590435606,0,0
2015-01-11,"week_2",0,"Sunday","4",0.8,50.48,10440,0,0,0,0,58,0.473134796,562,0
2015-01-11,"week_2",0,"Sunday","5",0.6,20.79,7980,0,0,0,0,57,0.452979626,1208,0
2015-01-12,"week_2",1,"Monday","1",0.8,3.94,1440,0,0,0,0,8,0.955151515,0,1
2015-01-12,"week_2",1,"Monday","4",0.35,4.3,3240,0,0,0,0,18,0.942213805,0,1
2015-01-12,"week_2",1,"Monday","3",0.8,4.15,1800,0,0,0,0,10,0.905454545,0,1
2015-01-12,"week_2",1,"Monday","2",0.8,3.94,1440,0,0,0,0,8,0.880530303,0,1
2015-01-12,"week_2",1,"Monday","9",0.8,3.94,1440,0,0,0,0,8,0.858143939,0,1
2015-01-12,"week_2",0,"Monday","1",0.8,26.16,8220,75,0,0,0,59,0.850522167,1099,1
2015-01-12,"week_2",0,"Monday","9",0.8,26.16,10620,75,0,0,0,59,0.850502311,1093,1
2015-01-12,"week_2",0,"Monday","7",0.8,25.9,10170,60,0,0,0,57,0.850136766,1031,1
2015-01-12,"week_2",0,"Monday","8",0.8,25.9,10170,60,0,0,0,57,0.850136766,1233,1
2015-01-12,"week_2",1,"Monday","6",0.8,2.9,1440,0,0,0,0,8,0.817424242,0,1
2015-01-12,"week_2",1,"Monday","5",0.65,4.15,1440,0,0,0,0,8,0.809564394,0,1
2015-01-12,"week_2",0,"Monday","3",0.8,19.87,9900,0,0,0,0,55,0.800273829,941,1
2015-01-12,"week_2",0,"Monday","6",0.8,11.41,5670,50,0,0,0,32,0.800181818,843,1
2015-01-12,"week_2",0,"Monday","12",0.8,11.61,4470,50,0,0,0,32,0.80007657,760,1
2015-01-12,"week_2",0,"Monday","2",0.8,28.08,10530,63,0,0,0,59,0.8,737,1
2015-01-12,"week_2",1,"Monday","8",0.8,2.9,1440,0,0,0,0,8,0.725,0,0
2015-01-12,"week_2",0,"Monday","10",0.8,50.48,6930,45,0,0,0,59,0.688557555,381,0
2015-01-12,"week_2",0,"Monday","5",0.65,20.79,8460,0,0,0,0,59,0.650040783,1141,1
2015-01-12,"week_2",0,"Monday","11",0.65,12.52,9540,44,0,0,0,53,0.64998056,1004,1
2015-01-12,"week_2",1,"Monday","7",0.8,2.9,1440,0,0,0,0,8,0.648106061,0,0
2015-01-12,"week_2",1,"Monday","11",0.8,4.15,1440,0,0,0,0,8,0.640577652,0,0
2015-01-12,"week_2",0,"Monday","4",0.35,22.4,7350,0,0,0,0,52,0.35063299,581,1
2015-01-12,"week_2",1,"Monday","10",0.8,3.94,1440,0,0,0,0,8,0.24625,0,0
2015-01-13,"week_2",1,"Tuesday","4",0.35,4.3,2160,0,0,0,0,12,0.952020202,0,1
2015-01-13,"week_2",1,"Tuesday","1",0.8,3.94,1440,0,0,0,0,2,0.951420455,0,1
2015-01-13,"week_2",1,"Tuesday","10",0.8,3.94,5400,0,0,0,0,20,0.912766667,0,1
2015-01-13,"week_2",1,"Tuesday","3",0.8,4.15,1620,0,0,0,0,9,0.901262626,0,1
2015-01-13,"week_2",1,"Tuesday","9",0.8,3.94,1440,0,0,0,0,8,0.858143939,0,1
2015-01-13,"week_2",0,"Tuesday","1",0.8,26.16,10620,75,0,0,0,59,0.850502311,1073,1
2015-01-13,"week_2",0,"Tuesday","9",0.8,26.16,10620,75,0,0,0,59,0.850502311,1156,1
2015-01-13,"week_2",0,"Tuesday","8",0.8,25.9,10260,60,0,0,0,57,0.850252525,1211,1
2015-01-13,"week_2",0,"Tuesday","7",0.8,25.9,10170,60,0,0,0,57,0.850136766,1126,1
2015-01-13,"week_2",1,"Tuesday","5",0.65,4.15,1440,0,0,0,0,8,0.821354167,0,1
2015-01-13,"week_2",1,"Tuesday","2",0.8,3.94,1440,0,0,0,0,8,0.805909091,0,1
2015-01-13,"week_2",0,"Tuesday","6",0.8,11.61,5670,50,0,0,0,32,0.800246753,1004,1
2015-01-13,"week_2",0,"Tuesday","12",0.8,11.61,5670,50,0,0,0,32,0.800246753,1063,1
2015-01-13,"week_2",0,"Tuesday","2",0.8,28.08,10530,50,0,0,0,59,0.8,723,1
2015-01-13,"week_2",0,"Tuesday","3",0.8,42.27,9900,54,0,0,0,55,0.705576584,465,0
2015-01-13,"week_2",1,"Tuesday","8",0.8,2.9,1440,0,0,0,0,8,0.681060606,0,0
2015-01-13,"week_2",1,"Tuesday","7",0.8,2.9,1440,0,0,0,0,8,0.670075758,0,0
2015-01-13,"week_2",1,"Tuesday","11",0.8,4.15,1440,0,0,0,0,8,0.601278409,0,0
2015-01-13,"week_2",0,"Tuesday","11",0.7,27.13,9540,37,0,0,0,53,0.582301029,530,0
2015-01-13,"week_2",0,"Tuesday","5",0.7,20.79,10440,0,0,0,0,58,0.526810345,1297,0
2015-01-13,"week_2",0,"Tuesday","4",0.5,22.4,10170,23,0,0,0,57,0.500380799,783,1
2015-01-13,"week_2",0,"Tuesday","10",0.35,22.4,10170,23,0,0,0,57,0.35020649,715,1
2015-01-14,"week_2",1,"Wednesday","11",0.8,4.15,1980,0,0,0,0,7,0.934607438,0,1
2015-01-14,"week_2",1,"Wednesday","4",0.35,4.3,2700,0,0,0,0,8,0.908080808,0,1
2015-01-14,"week_2",0,"Wednesday","7",0.8,25.9,10170,70,0,0,0,57,0.900144811,1150,1
2015-01-14,"week_2",1,"Wednesday","1",0.8,3.94,1440,0,0,0,0,8,0.891723485,0,1
2015-01-14,"week_2",1,"Wednesday","5",0.65,4.15,1440,0,0,0,0,15,0.864583333,0,1
2015-01-14,"week_2",1,"Wednesday","9",0.8,3.94,1440,0,0,0,0,8,0.858143939,0,1
2015-01-14,"week_2",0,"Wednesday","9",0.8,26.16,10620,75,0,0,0,59,0.850502311,1232,1
2015-01-14,"week_2",0,"Wednesday","8",0.8,25.9,10170,60,0,0,0,57,0.850136766,1218,1
2015-01-14,"week_2",1,"Wednesday","7",0.8,2.9,1440,0,0,0,0,8,0.837594697,0,1
2015-01-14,"week_2",1,"Wednesday","3",0.8,4.15,1440,0,0,0,0,7,0.820833333,0,1
2015-01-14,"week_2",0,"Wednesday","12",0.8,11.61,2970,50,0,0,0,32,0.800313433,1159,1
2015-01-14,"week_2",0,"Wednesday","6",0.8,11.61,5670,38,0,0,0,32,0.800246753,972,1
2015-01-14,"week_2",0,"Wednesday","1",0.8,26.16,10620,63,0,0,0,59,0.800117103,1092,1
2015-01-14,"week_2",0,"Wednesday","5",0.7,20.79,7320,0,0,0,0,58,0.700095563,965,1
2015-01-14,"week_2",1,"Wednesday","8",0.8,2.9,1440,0,0,0,0,8,0.667329545,0,0
2015-01-14,"week_2",0,"Wednesday","4",0.6,22.4,5100,23,0,0,0,57,0.600369686,816,1
2015-01-14,"week_2",0,"Wednesday","10",0.5,22.4,3390,23,0,0,0,57,0.499980334,947,1
2015-01-14,"week_2",0,"Wednesday","11",0.35,14.61,7200,23,0,0,0,55,0.35003125,838,1
2015-01-14,"week_2",1,"Wednesday","10",0.8,3.94,1260,0,0,0,0,8,0.332359307,0,0
2015-01-14,"week_2",0,"Wednesday","2",0.8,51.02,4260,27,0,0,0,57,0.311207464,1086,0
2015-01-14,"week_2",1,"Wednesday","2",0.8,3.94,1260,0,0,0,0,8,0.247316017,0,0
2015-01-15,"week_3",1,"Thursday","4",0.35,4.3,3600,0,0,0,0,20,0.988636364,0,1
2015-01-15,"week_3",1,"Thursday","10",0.8,3.94,3420,0,0,0,0,19,0.953110048,0,1
2015-01-15,"week_3",1,"Thursday","1",0.8,3.94,1440,0,0,0,0,8,0.884261364,0,1
2015-01-15,"week_3",1,"Thursday","5",0.65,4.15,1440,0,0,0,0,8,0.860653409,0,1
2015-01-15,"week_3",1,"Thursday","9",0.8,3.94,1440,0,0,0,0,8,0.858143939,0,1
2015-01-15,"week_3",0,"Thursday","1",0.8,26.16,10620,75,0,0,0,59,0.850502311,1160,1
2015-01-15,"week_3",0,"Thursday","8",0.8,25.9,8970,60,0,0,0,57,0.850415628,1177,1
2015-01-15,"week_3",0,"Thursday","7",0.8,25.9,10170,60,0,0,0,57,0.850136766,1281,1
2015-01-15,"week_3",0,"Thursday","9",0.8,26.16,10620,63,0,0,0,59,0.800117103,1369,1
2015-01-15,"week_3",0,"Thursday","6",0.8,11.61,4950,38,0,0,0,32,0.80003139,1084,1
2015-01-15,"week_3",0,"Thursday","12",0.8,11.61,4950,50,0,0,0,32,0.80003139,1216,1
2015-01-15,"week_3",0,"Thursday","5",0.7,20.79,10440,0,0,0,0,58,0.700060345,391,1
2015-01-15,"week_3",1,"Thursday","7",0.8,2.9,1440,0,0,0,0,8,0.689299242,0,0
2015-01-15,"week_3",0,"Thursday","3",0.5,22.52,10170,30,0,0,0,57,0.660683293,1102,1
2015-01-15,"week_3",0,"Thursday","4",0.65,22.52,10080,26,0,0,0,56,0.650130952,872,1
2015-01-15,"week_3",1,"Thursday","8",0.8,2.9,1440,0,0,0,0,8,0.606912879,0,0
2015-01-15,"week_3",0,"Thursday","10",0.6,22.52,10170,23,0,0,0,57,0.600291767,1076,1
2015-01-15,"week_3",0,"Thursday","11",0.5,14.89,9900,30,0,0,0,55,0.500025069,917,1
2015-01-15,"week_3",0,"Thursday","2",0.5,22.94,9810,23,0,0,0,55,0.499998888,1044,1
2015-01-17,"week_3",1,"Saturday","5",0.65,4.15,2700,0,0,0,0,15,0.98719697,0,1
2015-01-17,"week_3",1,"Saturday","2",0.8,3.94,1800,0,0,0,0,10,0.980909091,0,1
2015-01-17,"week_3",1,"Saturday","10",0.8,3.94,1440,0,0,0,0,8,0.974621212,0,1
2015-01-17,"week_3",1,"Saturday","1",0.8,3.94,1440,0,0,0,0,8,0.884261364,0,1
2015-01-17,"week_3",1,"Saturday","9",0.8,3.94,1800,0,0,0,0,10,0.82680303,0,1
2015-01-17,"week_3",0,"Saturday","6",0.8,11.41,5490,63,0,0,0,31,0.800343766,1067,1
2015-01-17,"week_3",0,"Saturday","12",0.8,11.61,5670,63,0,0,0,32,0.800246753,1039,1
2015-01-17,"week_3",0,"Saturday","7",0.8,25.9,10170,50,0,0,0,57,0.800128721,1396,1
2015-01-17,"week_3",0,"Saturday","8",0.8,25.9,10170,50,0,0,0,57,0.800128721,1292,1
2015-01-17,"week_3",0,"Saturday","1",0.8,48.68,10620,63,0,0,0,59,0.800117103,171,1
2015-01-17,"week_3",0,"Saturday","9",0.8,26.16,10620,63,0,0,0,59,0.800117103,1128,1
2015-01-17,"week_3",0,"Saturday","2",0.6,22.94,6570,23,0,0,0,57,0.77011398,865,1
2015-01-17,"week_3",0,"Saturday","4",0.7,22.52,10170,50,0,0,0,57,0.7005417,825,1
2015-01-17,"week_3",1,"Saturday","8",0.8,2.9,1440,0,0,0,0,8,0.675568182,0,0
2015-01-17,"week_3",1,"Saturday","7",0.8,2.9,1440,0,0,0,0,8,0.661837121,0,0
2015-01-17,"week_3",0,"Saturday","10",0.65,22.52,9720,35,0,0,0,54,0.650198653,1163,1
2015-01-17,"week_3",0,"Saturday","3",0.6,22.52,10170,30,0,0,0,57,0.600291767,1140,1
2015-01-17,"week_3",0,"Saturday","11",0.6,14.89,10080,38,0,0,0,56,0.600273268,1027,1
2015-01-17,"week_3",1,"Saturday","6",0.8,2.9,900,0,0,0,0,5,0.465757576,0,0
2015-01-17,"week_3",0,"Saturday","5",0.7,41.19,10440,21,0,0,0,58,0.452012539,1052,0
2015-01-17,"week_3",1,"Saturday","11",0.8,4.15,1260,0,0,0,0,7,0.313852814,0,0
2015-01-18,"week_3",1,"Sunday","5",0.6,4.15,1440,0,0,0,0,8,0.852793561,0,1
2015-01-18,"week_3",1,"Sunday","11",0.65,4.15,2160,0,0,0,0,12,0.838383838,0,1
2015-01-18,"week_3",1,"Sunday","6",0.8,2.9,1800,0,0,0,0,10,0.804848485,0,1
2015-01-18,"week_3",0,"Sunday","6",0.8,11.41,5490,63,0,0,0,31,0.800343766,1140,1
2015-01-18,"week_3",0,"Sunday","7",0.8,48.84,10170,50,0,0,0,57,0.800128721,624,1
2015-01-18,"week_3",0,"Sunday","8",0.8,25.9,10170,38,0,0,0,57,0.800128721,1288,1
2015-01-18,"week_3",0,"Sunday","9",0.8,26.16,3660,50,0,0,0,59,0.800015009,1381,1
2015-01-18,"week_3",0,"Sunday","4",0.7,22.52,10170,50,0,0,0,57,0.7005417,882,1
2015-01-18,"week_3",0,"Sunday","10",0.7,22.52,10080,40,0,0,0,56,0.700094156,1002,1
2015-01-18,"week_3",1,"Sunday","7",0.8,2.9,1440,0,0,0,0,8,0.692045455,0,0
2015-01-18,"week_3",0,"Sunday","12",0.8,26.87,5670,56,0,0,0,32,0.662255892,585,0
2015-01-18,"week_3",0,"Sunday","3",0.65,22.52,10170,35,0,0,0,57,0.650416734,1138,1
2015-01-18,"week_3",0,"Sunday","11",0.65,14.89,10260,44,0,0,0,57,0.650299575,1140,1
2015-01-18,"week_3",0,"Sunday","2",0.65,22.94,10170,26,0,0,0,57,0.650243497,1025,1
2015-01-18,"week_3",1,"Sunday","8",0.8,2.9,1440,0,0,0,0,8,0.639867424,0,0
2015-01-18,"week_3",0,"Sunday","5",0.6,20.4,10440,30,0,0,0,58,0.600062696,1031,1
2015-01-18,"week_3",1,"Sunday","9",0.8,3.94,1800,0,0,0,0,10,0.582045455,0,0
2015-01-18,"week_3",0,"Sunday","1",0.8,49.1,10350,24,0,0,0,58,0.403242161,1381,0
2015-01-18,"week_3",1,"Sunday","10",0.7,3.94,1440,0,0,0,0,8,0.235795455,0,0
2015-01-19,"week_3",1,"Monday","4",0.7,4.3,5040,0,0,0,0,28,0.977272727,0,1
2015-01-19,"week_3",1,"Monday","9",0.8,3.94,1800,0,0,0,0,10,0.964106061,0,1
2015-01-19,"week_3",1,"Monday","5",0.65,4.15,1440,0,0,0,0,8,0.958901515,0,1
2015-01-19,"week_3",0,"Monday","6",0.8,11.41,4380,50,0,0,0,31,0.800358775,1028,1
2015-01-19,"week_3",0,"Monday","8",0.8,25.9,3630,50,0,0,0,57,0.800162602,1380,1
2015-01-19,"week_3",0,"Monday","9",0.8,26.16,10620,63,0,0,0,59,0.800117103,1196,1
2015-01-19,"week_3",1,"Monday","12",0.8,2.9,1440,0,0,0,0,8,0.793844697,0,0
2015-01-19,"week_3",0,"Monday","2",0.7,22.94,10170,38,0,0,0,57,0.750517565,1006,1
2015-01-19,"week_3",0,"Monday","4",0.7,22.52,10260,63,0,0,0,57,0.750068049,930,1
2015-01-19,"week_3",0,"Monday","3",0.7,22.52,10170,50,0,0,0,57,0.750062751,1095,1
2015-01-19,"week_3",0,"Monday","10",0.7,22.52,10080,63,0,0,0,56,0.750057359,938,1
2015-01-19,"week_3",0,"Monday","11",0.7,14.89,10260,50,0,0,0,57,0.700170388,1484,1
2015-01-19,"week_3",1,"Monday","8",0.8,2.9,1440,0,0,0,0,8,0.683806818,0,0
2015-01-19,"week_3",0,"Monday","5",0.65,20.4,8280,35,0,0,0,58,0.650066445,1255,1
2015-01-19,"week_3",0,"Monday","7",0.8,48.84,10260,30,0,0,0,57,0.576460393,1040,0
2015-01-19,"week_3",0,"Monday","1",0.5,22.94,10170,30,0,0,0,57,0.549969429,1492,1
2015-01-19,"week_3",1,"Monday","10",0.7,3.94,1440,0,0,0,0,8,0.538399621,0,0
2015-01-19,"week_3",1,"Monday","11",0.7,4.15,1440,0,0,0,0,8,0.409545455,0,0
2015-01-19,"week_3",0,"Monday","12",0.35,15.26,6120,23,0,0,0,34,0.35021836,1111,1
2015-01-20,"week_3",1,"Tuesday","5",0.7,4.15,1440,0,0,0,0,8,0.999999,0,1
2015-01-20,"week_3",0,"Tuesday","6",0.8,11.41,5580,63,0,0,0,31,0.800261486,1047,1
2015-01-20,"week_3",0,"Tuesday","8",0.8,25.9,10170,50,0,0,0,57,0.800128721,1434,1
2015-01-20,"week_3",0,"Tuesday","9",0.8,26.16,10620,63,0,0,0,59,0.800117103,399,1
2015-01-20,"week_3",0,"Tuesday","4",0.7,22.52,10260,63,0,0,0,57,0.750068049,983,1
2015-01-20,"week_3",0,"Tuesday","10",0.7,22.52,10080,63,0,0,0,56,0.750057359,1108,1
2015-01-20,"week_3",0,"Tuesday","3",0.7,22.52,8460,50,0,0,0,57,0.750037968,1134,1
2015-01-20,"week_3",0,"Tuesday","2",0.7,22.94,10260,50,0,0,0,57,0.750031898,1363,1
2015-01-20,"week_3",1,"Tuesday","9",0.8,3.94,1800,0,0,0,0,10,0.72830303,0,0
2015-01-20,"week_3",0,"Tuesday","11",0.7,14.89,10260,50,0,0,0,57,0.700170388,1501,1
2015-01-20,"week_3",0,"Tuesday","5",0.7,20.4,10260,50,0,0,0,57,0.700063796,1352,1
2015-01-20,"week_3",1,"Tuesday","8",0.8,2.9,1440,0,0,0,0,8,0.639867424,0,0
2015-01-20,"week_3",0,"Tuesday","12",0.5,15.26,3720,23,0,0,0,34,0.500290419,1352,1
2015-01-20,"week_3",0,"Tuesday","7",0.35,22.94,10080,30,0,0,0,56,0.400332792,1450,1
2015-01-20,"week_3",1,"Tuesday","11",0.7,4.15,2700,0,0,0,0,15,0.362666667,0,0
2015-01-21,"week_3",1,"Wednesday","4",0.75,4.3,6000,0,0,0,0,20,0.978525641,0,1
2015-01-21,"week_3",1,"Wednesday","2",0.7,3.94,5100,0,0,0,0,17,0.912202112,0,1
2015-01-21,"week_3",0,"Wednesday","4",0.75,22.52,10080,94,0,0,0,56,0.900556277,825,1
2015-01-21,"week_3",0,"Wednesday","6",0.8,11.61,5760,75,0,0,0,89,0.850410511,916,1
2015-01-21,"week_3",1,"Wednesday","9",0.8,3.94,2400,0,0,0,0,8,0.827147436,0,1
2015-01-21,"week_3",0,"Wednesday","8",0.8,25.9,7470,38,0,0,0,57,0.800436542,562,1
2015-01-21,"week_3",0,"Wednesday","2",0.7,22.94,10500,60,0,0,0,57,0.800415742,1422,1
2015-01-21,"week_3",0,"Wednesday","10",0.7,22.52,10080,75,0,0,0,56,0.800020563,1206,1
2015-01-21,"week_3",1,"Wednesday","5",0.7,4.15,2400,0,0,0,0,8,0.758173077,0,1
2015-01-21,"week_3",0,"Wednesday","5",0.7,20.4,10440,50,0,0,0,58,0.750344828,1404,1
2015-01-21,"week_3",0,"Wednesday","3",0.7,22.52,10260,63,0,0,0,57,0.750068049,1139,1
2015-01-21,"week_3",0,"Wednesday","11",0.7,14.89,10260,50,0,0,0,57,0.700170388,1735,1
2015-01-21,"week_3",0,"Wednesday","1",0.65,22.94,10260,34,0,0,0,57,0.700029771,1595,1
2015-01-21,"week_3",0,"Wednesday","12",0.6,15.26,6360,23,0,0,0,34,0.60017284,1245,1
2015-01-21,"week_3",1,"Wednesday","8",0.8,2.9,2400,0,0,0,0,8,0.594871795,0,0
2015-01-21,"week_3",0,"Wednesday","9",0.8,54.56,4140,29,0,0,0,58,0.520237649,757,0
2015-01-21,"week_3",1,"Wednesday","1",0.65,3.94,2400,0,0,0,0,8,0.505128205,0,0
2015-01-21,"week_3",0,"Wednesday","7",0.5,22.52,10080,23,0,0,0,56,0.500241342,1720,1
2015-01-21,"week_3",1,"Wednesday","11",0.7,4.15,2700,0,0,0,0,9,0.470769231,0,0
2015-01-22,"week_4",1,"Thursday","7",0.6,3.94,6000,0,0,0,0,10,0.957638889,0,1
2015-01-22,"week_4",1,"Thursday","10",0.75,3.94,8400,0,0,0,0,14,0.940701058,0,1
2015-01-22,"week_4",0,"Thursday","4",0.75,22.52,10080,81,0,0,0,56,0.849983766,759,1
2015-01-22,"week_4",0,"Thursday","2",0.7,22.94,10620,60,0,0,0,57,0.800302791,1510,1
2015-01-22,"week_4",0,"Thursday","6",0.8,11.61,6360,63,0,0,0,32,0.800191989,955,1
2015-01-22,"week_4",0,"Thursday","10",0.75,22.52,10080,55,0,0,0,56,0.800020563,1328,1
2015-01-22,"week_4",0,"Thursday","1",0.7,22.94,12180,63,0,0,0,57,0.750162367,1384,1
2015-01-22,"week_4",0,"Thursday","3",0.7,22.52,10260,63,0,0,0,57,0.750068049,1244,1
2015-01-22,"week_4",1,"Thursday","5",0.7,4.15,9000,0,0,0,0,15,0.742901235,0,1
2015-01-22,"week_4",0,"Thursday","5",0.7,20.4,10440,40,0,0,0,58,0.700250784,1480,1
2015-01-22,"week_4",0,"Thursday","11",0.7,14.89,10260,50,0,0,0,57,0.700170388,1863,1
2015-01-22,"week_4",1,"Thursday","4",0.75,4.3,9000,0,0,0,0,15,0.670216049,0,0
2015-01-22,"week_4",1,"Thursday","1",0.7,3.94,15000,0,0,0,0,25,0.649662222,0,0
2015-01-22,"week_4",1,"Thursday","2",0.7,3.94,15000,0,0,0,0,25,0.649662222,0,0
2015-01-22,"week_4",1,"Thursday","6",0.8,2.9,4800,0,0,0,0,8,0.626822917,0,0
2015-01-22,"week_4",0,"Thursday","12",0.6,15.26,6960,23,0,0,0,34,0.600436426,1492,1
2015-01-22,"week_4",0,"Thursday","7",0.6,22.52,10260,23,0,0,0,57,0.60041361,1859,1
2015-01-22,"week_4",0,"Thursday","8",0.8,40.99,10770,30,0,0,0,57,0.555500132,980,0
2015-01-22,"week_4",0,"Thursday","9",0.5,29.12,10440,30,0,0,0,58,0.500547544,970,1
2015-01-22,"week_4",1,"Thursday","3",0.7,3.94,12000,0,0,0,0,20,0.460578704,0,0
2015-01-22,"week_4",1,"Thursday","8",0.8,2.9,4800,0,0,0,0,8,0.397743056,0,0
2015-01-22,"week_4",1,"Thursday","12",0.6,4.08,5400,0,0,0,0,9,0.327407407,0,0
2015-01-24,"week_4",1,"Saturday","5",0.7,4.15,2700,0,0,0,0,15,0.966666667,0,1
2015-01-24,"week_4",1,"Saturday","10",0.75,3.94,1800,0,0,0,0,10,0.937242424,0,1
2015-01-24,"week_4",1,"Saturday","8",0.8,2.9,1620,0,0,0,0,9,0.910521886,0,1
2015-01-24,"week_4",0,"Saturday","2",0.75,22.94,10260,94,0,0,0,57,0.90064806,1606,1
2015-01-24,"week_4",0,"Saturday","4",0.75,22.52,10260,94,0,0,0,57,0.900321106,727,1
2015-01-24,"week_4",1,"Saturday","11",0.75,4.15,1800,0,0,0,0,10,0.896022727,0,1
2015-01-24,"week_4",1,"Saturday","3",0.75,3.94,1440,0,0,0,0,8,0.895454545,0,1
2015-01-24,"week_4",1,"Saturday","7",0.65,3.94,2160,0,0,0,0,12,0.870580808,0,1
2015-01-24,"week_4",1,"Saturday","12",0.7,4.08,1620,0,0,0,0,9,0.858585859,0,1
2015-01-24,"week_4",0,"Saturday","1",0.7,22.94,10260,75,0,0,0,57,0.800643806,1472,1
2015-01-24,"week_4",0,"Saturday","10",0.75,22.52,10080,69,0,0,0,56,0.80062987,1332,1
2015-01-24,"week_4",0,"Saturday","6",0.8,11.61,5640,63,0,0,0,32,0.800537143,1009,1
2015-01-24,"week_4",0,"Saturday","3",0.75,22.52,10260,69,0,0,0,57,0.80035194,1266,1
2015-01-24,"week_4",0,"Saturday","12",0.75,15.26,6120,40,0,0,0,34,0.750079323,1316,1
2015-01-24,"week_4",0,"Saturday","11",0.75,42.97,10260,56,0,0,0,57,0.750041201,1282,1
2015-01-24,"week_4",0,"Saturday","5",0.7,20.4,10440,50,0,0,0,58,0.700250784,1382,1
2015-01-24,"week_4",1,"Saturday","4",0.75,4.3,2160,0,0,0,0,12,0.651515152,0,0
2015-01-24,"week_4",0,"Saturday","7",0.65,22.52,10170,26,0,0,0,57,0.650416734,1295,1
2015-01-24,"week_4",0,"Saturday","9",0.6,29.12,6660,23,0,0,0,58,0.600125217,925,1
2015-01-24,"week_4",1,"Saturday","2",0.75,3.94,1440,0,0,0,0,8,0.578314394,0,0
2015-01-24,"week_4",1,"Saturday","1",0.7,3.94,1440,0,0,0,0,8,0.578314394,0,0
2015-01-24,"week_4",0,"Saturday","8",0.35,15.09,9360,23,0,0,0,52,0.34998951,1448,1
2015-01-24,"week_4",1,"Saturday","9",0.6,3.94,1440,0,0,0,0,8,0.261174242,0,0
2015-01-25,"week_4",1,"Sunday","5",0.7,4.15,3060,0,0,0,0,17,0.973796791,0,1
2015-01-25,"week_4",1,"Sunday","2",0.75,3.94,1440,0,0,0,0,8,0.970075758,0,1
2015-01-25,"week_4",1,"Sunday","1",0.7,3.94,1440,0,0,0,0,8,0.970075758,0,1
2015-01-25,"week_4",1,"Sunday","3",0.75,3.94,1620,0,0,0,0,9,0.961784512,0,1
2015-01-25,"week_4",1,"Sunday","10",0.75,3.94,3420,0,0,0,0,19,0.955151515,0,1
2015-01-25,"week_4",1,"Sunday","4",0.75,4.3,2160,0,0,0,0,12,0.952020202,0,1
2015-01-25,"week_4",0,"Sunday","4",0.75,22.52,10260,94,0,0,0,57,0.900321106,867,1
2015-01-25,"week_4",0,"Sunday","2",0.75,22.94,10530,81,0,0,0,59,0.850223776,1636,1
2015-01-25,"week_4",0,"Sunday","1",0.7,22.94,10530,75,0,0,0,59,0.800909609,1682,1
2015-01-25,"week_4",0,"Sunday","3",0.75,22.52,10350,55,0,0,0,58,0.800513307,1495,1
2015-01-25,"week_4",0,"Sunday","6",0.8,11.61,5760,63,0,0,0,32,0.800386364,1181,1
2015-01-25,"week_4",0,"Sunday","10",0.75,22.52,10080,69,0,0,0,56,0.800020563,1413,1
2015-01-25,"week_4",1,"Sunday","7",0.65,3.94,2520,0,0,0,0,14,0.749188312,0,1
2015-01-25,"week_4",0,"Sunday","7",0.7,22.52,10170,40,0,0,0,57,0.7005417,360,1
2015-01-25,"week_4",0,"Sunday","12",0.7,15.26,6120,40,0,0,0,34,0.70043672,1296,1
2015-01-25,"week_4",0,"Sunday","5",0.7,20.4,10440,50,0,0,0,58,0.700250784,1217,1
2015-01-25,"week_4",0,"Sunday","9",0.65,29.12,10440,26,0,0,0,58,0.650407524,1086,1
2015-01-25,"week_4",1,"Sunday","12",0.7,4.08,1620,0,0,0,0,9,0.618181818,0,0
2015-01-25,"week_4",0,"Sunday","11",0.75,42.97,10260,40,0,0,0,57,0.59114168,532,0
2015-01-25,"week_4",0,"Sunday","8",0.5,15.09,720,23,0,0,0,52,0.500061916,1557,1
2015-01-25,"week_4",1,"Sunday","8",0.8,2.9,720,0,0,0,0,4,0.329545455,0,0
2015-01-26,"week_4",1,"Monday","3",0.75,3.94,1800,0,0,0,0,10,0.999999,0,1
2015-01-26,"week_4",1,"Monday","10",0.75,3.94,3780,0,0,0,0,21,0.997792208,0,1
2015-01-26,"week_4",1,"Monday","4",0.75,4.3,2160,0,0,0,0,12,0.963699495,0,1
2015-01-26,"week_4",1,"Monday","5",0.7,4.15,2700,0,0,0,0,15,0.959191919,0,1
2015-01-26,"week_4",1,"Monday","2",0.75,3.94,1800,0,0,0,0,10,0.910378788,0,1
2015-01-26,"week_4",1,"Monday","1",0.7,3.94,1800,0,0,0,0,10,0.910378788,0,1
2015-01-26,"week_4",0,"Monday","4",0.8,22.52,10170,60,0,0,0,57,0.850312684,1016,1
2015-01-26,"week_4",0,"Monday","6",0.8,11.61,5760,50,0,0,0,32,0.800386364,1072,1
2015-01-26,"week_4",0,"Monday","3",0.75,22.52,10260,69,0,0,0,57,0.80035194,1584,1
2015-01-26,"week_4",0,"Monday","2",0.75,22.94,10260,55,0,0,0,57,0.800034024,1764,1
2015-01-26,"week_4",0,"Monday","1",0.7,22.94,10440,60,0,0,0,58,0.800023511,1745,1
2015-01-26,"week_4",0,"Monday","10",0.75,22.52,10080,55,0,0,0,56,0.800020563,1250,1
2015-01-26,"week_4",1,"Monday","12",0.7,4.08,1620,0,0,0,0,9,0.769292929,0,1
2015-01-26,"week_4",0,"Monday","5",0.75,20.4,10320,56,0,0,0,58,0.750031447,1118,1
2015-01-26,"week_4",0,"Monday","9",0.7,29.12,10440,40,0,0,0,58,0.70061442,1143,1
2015-01-26,"week_4",0,"Monday","12",0.7,15.26,6120,40,0,0,0,34,0.70043672,1337,1
2015-01-26,"week_4",1,"Monday","7",0.65,3.94,1440,0,0,0,0,8,0.646306818,0,1
2015-01-26,"week_4",0,"Monday","8",0.6,15.09,360,23,0,0,0,52,0.600143365,1519,1
2015-01-26,"week_4",0,"Monday","11",0.35,28.08,10260,23,0,0,0,57,0.350066986,749,1
2015-01-27,"week_4",0,"Tuesday","2",0.75,22.52,6840,119,0,0,0,57,0.999999,1635,1
2015-01-27,"week_4",0,"Tuesday","3",0.75,22.52,6840,119,0,0,0,57,0.999999,1299,1
2015-01-27,"week_4",1,"Tuesday","10",0.8,3.94,1440,0,0,0,0,12,0.979527778,0,1
2015-01-27,"week_4",1,"Tuesday","4",0.8,4.3,1440,0,0,0,0,12,0.940625,0,1
2015-01-27,"week_4",1,"Tuesday","5",0.5,4.15,1440,0,0,0,0,12,0.926388889,0,1
2015-01-27,"week_4",0,"Tuesday","10",0.8,22.52,6720,70,0,0,0,56,0.900129762,1134,1
2015-01-27,"week_4",1,"Tuesday","3",0.75,3.94,1440,0,0,0,0,12,0.861875,0,1
2015-01-27,"week_4",0,"Tuesday","4",0.8,22.52,6780,60,0,0,0,57,0.850312684,1106,1
2015-01-27,"week_4",1,"Tuesday","8",0.65,3.94,960,0,0,0,0,8,0.845458333,0,1
2015-01-27,"week_4",1,"Tuesday","12",0.7,4.15,1080,0,0,0,0,9,0.823555556,0,1
2015-01-27,"week_4",1,"Tuesday","7",0.5,4.15,960,0,0,0,0,8,0.803541667,0,1
2015-01-27,"week_4",0,"Tuesday","1",0.75,22.94,6960,55,0,0,0,58,0.800263218,1871,1
2015-01-27,"week_4",1,"Tuesday","2",0.75,3.94,1200,0,0,0,0,10,0.788,0,1
2015-01-27,"week_4",1,"Tuesday","1",0.75,3.94,1200,0,0,0,0,10,0.77815,0,1
2015-01-27,"week_4",0,"Tuesday","9",0.7,29.12,6960,50,0,0,0,58,0.700386207,1294,1
2015-01-27,"week_4",0,"Tuesday","12",0.7,15.26,4080,40,0,0,0,34,0.700164706,1462,1
2015-01-27,"week_4",0,"Tuesday","8",0.65,15.09,240,23,0,0,0,52,0.650307143,976,1
2015-01-27,"week_4",0,"Tuesday","6",0.8,30.4,3840,34,0,0,0,32,0.622828125,338,0
2015-01-27,"week_4",1,"Tuesday","6",0.8,2.9,960,0,0,0,0,8,0.6225,0,0
2015-01-27,"week_4",0,"Tuesday","5",0.5,20.79,6960,30,0,0,0,58,0.500035345,1455,1
2015-01-27,"week_4",0,"Tuesday","11",0.5,48.18,6480,23,0,0,0,54,0.37046657,1282,0
2015-01-28,"week_4",0,"Wednesday","2",0.8,22.52,6840,90,0,0,0,57,0.999999,1559,1
2015-01-28,"week_4",0,"Wednesday","3",0.8,22.52,6840,113,0,0,0,57,0.999999,1350,1
2015-01-28,"week_4",1,"Wednesday","6",0.35,2.9,1800,0,0,0,0,15,0.977555556,0,1
2015-01-28,"week_4",1,"Wednesday","1",0.75,3.94,1200,0,0,0,0,10,0.9456,0,1
2015-01-28,"week_4",1,"Wednesday","2",0.8,3.94,1800,0,0,0,0,15,0.902222222,0,1
2015-01-28,"week_4",0,"Wednesday","10",0.8,22.52,6720,60,0,0,0,56,0.850532143,1175,1
2015-01-28,"week_4",0,"Wednesday","1",0.75,22.94,6960,81,0,0,0,58,0.850362069,1868,1
2015-01-28,"week_4",1,"Wednesday","10",0.8,3.94,1200,0,0,0,0,10,0.840533333,0,1
2015-01-28,"week_4",0,"Wednesday","5",0.6,20.79,6960,88,0,0,0,58,0.800534483,1045,1
2015-01-28,"week_4",0,"Wednesday","4",0.8,22.52,6780,50,0,0,0,57,0.800489676,1342,1
2015-01-28,"week_4",1,"Wednesday","12",0.75,4.08,1080,0,0,0,0,9,0.755555556,0,1
2015-01-28,"week_4",0,"Wednesday","9",0.7,29.12,6960,63,0,0,0,58,0.750593103,1340,1
2015-01-28,"week_4",0,"Wednesday","12",0.75,15.26,3600,45,0,0,0,35,0.750283333,1429,1
2015-01-28,"week_4",1,"Wednesday","4",0.8,4.3,1440,0,0,0,0,12,0.722638889,0,0
2015-01-28,"week_4",1,"Wednesday","8",0.65,4.15,960,0,0,0,0,8,0.553333333,0,0
2015-01-28,"week_4",0,"Wednesday","11",0.5,20.1,5880,46,0,0,0,54,0.500567308,1413,1
2015-01-28,"week_4",0,"Wednesday","8",0.7,38.09,6240,0,0,0,0,52,0.467693269,336,0
2015-01-28,"week_4",0,"Wednesday","6",0.35,18.79,1800,23,0,0,0,32,0.437995338,511,1
2015-01-28,"week_4",1,"Wednesday","7",0.6,3.94,960,0,0,0,0,8,0.406354167,0,0
2015-01-28,"week_4",0,"Wednesday","7",0.6,23.54,6600,0,0,0,0,55,0.285333333,958,0
2015-01-28,"week_4",1,"Wednesday","11",0.5,2.9,960,0,0,0,0,8,0.259375,0,0
2015-01-29,"week_5",0,"Thursday","2",0.8,22.52,6840,113,0,0,0,57,0.999999,1416,1
2015-01-29,"week_5",1,"Thursday","4",0.8,4.3,1200,0,0,0,0,10,0.989,0,1
2015-01-29,"week_5",0,"Thursday","3",0.8,22.52,6840,100,0,0,0,57,0.950185965,1287,1
2015-01-29,"week_5",0,"Thursday","4",0.8,22.52,6900,88,0,0,0,58,0.9008,1444,1
2015-01-29,"week_5",0,"Thursday","10",0.8,22.52,6720,88,0,0,0,56,0.900129762,1088,1
2015-01-29,"week_5",1,"Thursday","6",0.5,2.9,1200,0,0,0,0,10,0.899,0,1
2015-01-29,"week_5",1,"Thursday","8",0.65,4.15,960,0,0,0,0,8,0.877552083,0,1
2015-01-29,"week_5",1,"Thursday","11",0.6,2.9,960,0,0,0,0,8,0.864583333,0,1
2015-01-29,"week_5",1,"Thursday","10",0.8,3.94,1200,0,0,0,0,10,0.85695,0,1
2015-01-29,"week_5",1,"Thursday","1",0.75,3.94,1200,0,0,0,0,10,0.853666667,0,1
2015-01-29,"week_5",0,"Thursday","1",0.75,22.94,6960,81,0,0,0,58,0.850362069,1579,1
2015-01-29,"week_5",0,"Thursday","9",0.7,29.12,6960,53,0,0,0,58,0.850170115,1170,1
2015-01-29,"week_5",0,"Thursday","5",0.65,20.79,7080,81,0,0,0,59,0.800473729,1015,1
2015-01-29,"week_5",1,"Thursday","2",0.8,3.94,1200,0,0,0,0,10,0.773333333,0,0
2015-01-29,"week_5",0,"Thursday","12",0.75,15.26,4200,45,0,0,0,35,0.750646667,1436,1
2015-01-29,"week_5",1,"Thursday","12",0.75,4.08,1080,0,0,0,0,9,0.634666667,0,0
2015-01-29,"week_5",0,"Thursday","11",0.6,20.1,4320,46,0,0,0,51,0.60059761,1601,1
2015-01-29,"week_5",0,"Thursday","6",0.5,18.79,3960,23,0,0,0,33,0.500117677,717,1
2015-01-29,"week_5",1,"Thursday","3",0.8,3.94,960,0,0,0,0,8,0.4925,0,0
2015-01-29,"week_5",0,"Thursday","7",0.65,23.54,6600,0,0,0,0,55,0.48792,830,0
2015-01-31,"week_5",0,"Saturday","3",0.8,22.52,6960,113,0,0,0,58,0.999999,1136,1
2015-01-31,"week_5",0,"Saturday","2",0.8,22.52,6840,113,0,0,0,57,0.999999,1397,1
2015-01-31,"week_5",1,"Saturday","2",0.8,3.94,1200,0,0,0,0,10,0.971866667,0,1
2015-01-31,"week_5",1,"Saturday","3",0.8,3.94,960,0,0,0,0,8,0.971866667,0,1
2015-01-31,"week_5",1,"Saturday","4",0.8,3.94,1200,0,0,0,0,10,0.971866667,0,1
2015-01-31,"week_5",1,"Saturday","10",0.8,3.94,1200,0,0,0,0,10,0.971866667,0,1
2015-01-31,"week_5",1,"Saturday","1",0.75,3.94,1800,0,0,0,0,15,0.971866667,0,1
2015-01-31,"week_5",1,"Saturday","9",0.75,3.94,240,0,0,0,0,2,0.971866667,0,1
2015-01-31,"week_5",1,"Saturday","12",0.75,4.08,1080,0,0,0,0,9,0.971866667,0,1
2015-01-31,"week_5",1,"Saturday","5",0.7,3.94,240,0,0,0,0,2,0.971866667,0,1
2015-01-31,"week_5",1,"Saturday","7",0.7,3.94,1200,0,0,0,0,10,0.971866667,0,1
2015-01-31,"week_5",1,"Saturday","8",0.65,3.94,960,0,0,0,0,8,0.971866667,0,1
2015-01-31,"week_5",1,"Saturday","11",0.65,3.94,600,0,0,0,0,5,0.971866667,0,1
2015-01-31,"week_5",1,"Saturday","6",0.6,3.94,1200,0,0,0,0,10,0.971866667,0,1
2015-01-31,"week_5",0,"Saturday","10",0.8,22.52,6720,93,0,0,0,56,0.920236905,1116,1
2015-01-31,"week_5",0,"Saturday","4",0.8,22.52,6660,88,0,0,0,58,0.900537069,1432,1
2015-01-31,"week_5",0,"Saturday","9",0.75,29.12,6840,81,0,0,0,57,0.850610526,1082,1
2015-01-31,"week_5",0,"Saturday","1",0.75,22.94,6960,81,0,0,0,58,0.850362069,1502,1
2015-01-31,"week_5",0,"Saturday","12",0.75,15.26,4200,45,0,0,0,35,0.750646667,1209,1
2015-01-31,"week_5",0,"Saturday","5",0.7,50.89,5880,56,0,0,0,59,0.656763743,282,0
2015-01-31,"week_5",0,"Saturday","11",0.65,20.1,6480,49,0,0,0,54,0.650148148,1417,1
2015-01-31,"week_5",0,"Saturday","6",0.6,18.79,3960,23,0,0,0,33,0.600710606,799,1
2015-01-31,"week_5",0,"Saturday","7",0.7,23.54,6720,0,0,0,0,56,0.388830357,1109,0
2015-01-31,"week_5",0,"Saturday","8",0.5,23.54,6480,0,0,0,0,54,0.286984568,1144,0
2015-02-01,"week_1",1,"Sunday","8",0.65,4.15,960,0,0,0,0,8,0.999999,0,1
2015-02-01,"week_1",0,"Sunday","2",0.8,22.52,6900,113,0,0,0,58,0.999999,1396,1
2015-02-01,"week_1",0,"Sunday","1",0.8,22.94,3060,113,0,0,0,59,0.999999,1582,1
2015-02-01,"week_1",1,"Sunday","1",0.75,3.94,2280,0,0,0,0,19,0.950438596,0,1
2015-02-01,"week_1",0,"Sunday","3",0.8,22.52,6840,100,0,0,0,57,0.950185965,1124,1
2015-02-01,"week_1",1,"Sunday","2",0.8,3.94,1200,0,0,0,0,10,0.912766667,0,1
2015-02-01,"week_1",1,"Sunday","7",0.7,3.94,2160,0,0,0,0,18,0.892194444,0,1
2015-02-01,"week_1",1,"Sunday","10",0.8,3.94,1200,0,0,0,0,10,0.8865,0,1
2015-02-01,"week_1",0,"Sunday","10",0.8,22.52,6720,75,0,0,0,56,0.850532143,1282,1
2015-02-01,"week_1",0,"Sunday","4",0.8,22.52,7020,60,0,0,0,59,0.85011396,1472,1
2015-02-01,"week_1",1,"Sunday","4",0.8,4.3,1440,0,0,0,0,12,0.845069444,0,1
2015-02-01,"week_1",0,"Sunday","9",0.75,29.12,6960,45,0,0,0,58,0.750593103,1282,1
2015-02-01,"week_1",0,"Sunday","12",0.75,15.26,1440,45,0,0,0,35,0.750450658,1276,1
2015-02-01,"week_1",1,"Sunday","12",0.75,4.08,1080,0,0,0,0,9,0.702666667,0,0
2015-02-01,"week_1",0,"Sunday","11",0.7,20.1,6120,75,0,0,0,54,0.700508929,1192,1
2015-02-01,"week_1",0,"Sunday","6",0.65,18.79,3960,26,0,0,0,33,0.651007071,881,1
2015-02-01,"week_1",0,"Sunday","8",0.6,24.26,6600,0,0,0,0,55,0.466821212,1196,0
2015-02-01,"week_1",0,"Sunday","7",0.7,24.26,6720,0,0,0,0,56,0.411553571,1400,0
2015-02-01,"week_1",1,"Sunday","6",0.6,2.9,1200,0,0,0,0,10,0.314166667,0,0
2015-02-02,"week_1",0,"Monday","1",0.8,22.94,7020,113,0,0,0,59,0.999999,16882,1
2015-02-02,"week_1",1,"Monday","9",0.75,3.94,960,0,0,0,0,8,0.994270833,0,1
2015-02-02,"week_1",0,"Monday","2",0.8,22.52,7020,88,0,0,0,59,0.900158405,21385,1
2015-02-02,"week_1",0,"Monday","3",0.8,22.52,6840,70,0,0,0,57,0.90014152,21266,1
2015-02-02,"week_1",0,"Monday","10",0.8,22.52,6720,88,0,0,0,56,0.900129762,21540,1
2015-02-02,"week_1",1,"Monday","10",0.8,3.94,1200,0,0,0,0,10,0.85695,0,1
2015-02-02,"week_1",1,"Monday","4",0.8,4.3,1440,0,0,0,0,12,0.809236111,0,1
2015-02-02,"week_1",0,"Monday","12",0.8,15.26,3600,63,0,0,0,35,0.800401961,12261,1
2015-02-02,"week_1",0,"Monday","4",0.8,22.52,5940,50,0,0,0,57,0.800393224,23122,1
2015-02-02,"week_1",0,"Monday","9",0.75,29.12,6960,55,0,0,0,58,0.799963218,8992,1
2015-02-02,"week_1",1,"Monday","12",0.75,4.08,1080,0,0,0,0,9,0.740444444,0,0
2015-02-02,"week_1",0,"Monday","11",0.7,20.55,6480,60,0,0,0,54,0.700398148,9792,1
2015-02-02,"week_1",0,"Monday","6",0.7,18.79,3960,30,0,0,0,33,0.700354545,2984,1
2015-02-02,"week_1",1,"Monday","8",0.65,4.15,960,0,0,0,0,8,0.561979167,0,0
2015-02-02,"week_1",1,"Monday","1",0.75,3.94,2280,0,0,0,0,19,0.504596491,0,0
2015-02-02,"week_1",0,"Monday","5",0.5,30.1,6960,0,0,0,0,58,0.500801724,839,1
2015-02-02,"week_1",0,"Monday","7",0.7,24.26,6720,0,0,0,0,56,0.295307738,2698,0
2015-02-02,"week_1",1,"Monday","6",0.6,2.9,1200,0,0,0,0,10,0.280333333,0,0
2015-02-02,"week_1",0,"Monday","8",0.65,24.26,6600,0,0,0,0,55,0.260978788,1435,0
2015-02-03,"week_1",1,"Tuesday","2",0.8,3.94,2400,0,0,0,0,20,0.999999,0,1
2015-02-03,"week_1",0,"Tuesday","1",0.8,22.52,6900,113,0,0,0,58,0.999999,1500,1
2015-02-03,"week_1",0,"Tuesday","10",0.8,22.52,6720,90,0,0,0,56,0.999995238,1188,1
2015-02-03,"week_1",1,"Tuesday","1",0.8,3.94,1200,0,0,0,0,10,0.99485,0,1
2015-02-03,"week_1",1,"Tuesday","8",0.7,4.15,960,0,0,0,0,8,0.976979167,0,1
2015-02-03,"week_1",0,"Tuesday","3",0.8,22.52,6840,100,0,0,0,57,0.950185965,1112,1
2015-02-03,"week_1",0,"Tuesday","2",0.8,22.52,6960,100,0,0,0,58,0.949981609,1452,1
2015-02-03,"week_1",1,"Tuesday","9",0.75,3.94,1320,0,0,0,0,11,0.919954545,0,1
2015-02-03,"week_1",0,"Tuesday","4",0.8,22.52,5460,63,0,0,0,57,0.800434622,340,1
2015-02-03,"week_1",0,"Tuesday","12",0.8,15.26,2040,50,0,0,0,35,0.800259023,1029,1
2015-02-03,"week_1",1,"Tuesday","12",0.8,4.08,1080,0,0,0,0,9,0.778222222,0,0
2015-02-03,"week_1",0,"Tuesday","9",0.75,29.12,6960,34,0,0,0,58,0.750593103,1070,1
2015-02-03,"week_1",0,"Tuesday","11",0.7,25.31,5760,60,0,0,0,54,0.700513566,946,1
2015-02-03,"week_1",0,"Tuesday","6",0.7,18.79,4020,30,0,0,0,34,0.700184577,913,1
2015-02-03,"week_1",0,"Tuesday","8",0.7,24.26,6660,0,0,0,0,56,0.586465465,1363,0
2015-02-03,"week_1",0,"Tuesday","7",0.7,24.26,6720,0,0,0,0,56,0.541517857,1639,0
2015-02-03,"week_1",1,"Tuesday","4",0.8,4.3,1440,0,0,0,0,12,0.5375,0,0
2015-02-03,"week_1",1,"Tuesday","6",0.7,2.9,960,0,0,0,0,8,0.495416667,0,0
2015-02-03,"week_1",0,"Tuesday","5",0.6,30.1,6960,0,0,0,0,58,0.415172414,415,0
2015-02-04,"week_1",0,"Wednesday","2",0.8,22.52,6900,100,0,0,0,58,0.999999,1263,1
2015-02-04,"week_1",0,"Wednesday","3",0.8,22.52,6840,113,0,0,0,57,0.999999,968,1
2015-02-04,"week_1",0,"Wednesday","10",0.8,22.52,6720,113,0,0,0,56,0.999995238,1108,1
2015-02-04,"week_1",1,"Wednesday","2",0.8,3.94,2160,0,0,0,0,18,0.966759259,0,1
2015-02-04,"week_1",1,"Wednesday","1",0.8,3.94,1200,0,0,0,0,10,0.929183333,0,1
2015-02-04,"week_1",1,"Wednesday","8",0.7,4.15,3000,0,0,0,0,25,0.915766667,0,1
2015-02-04,"week_1",0,"Wednesday","1",0.8,22.52,6900,88,0,0,0,58,0.900147246,1532,1
2015-02-04,"week_1",0,"Wednesday","12",0.8,15.26,4080,38,0,0,0,34,0.800401961,1094,1
2015-02-04,"week_1",0,"Wednesday","9",0.8,22.52,6960,50,0,0,0,58,0.799963218,1086,1
2015-02-04,"week_1",1,"Wednesday","7",0.7,3.94,960,0,0,0,0,8,0.779791667,0,1
2015-02-04,"week_1",1,"Wednesday","9",0.75,3.94,960,0,0,0,0,8,0.755166667,0,1
2015-02-04,"week_1",0,"Wednesday","6",0.7,18.79,3360,30,0,0,0,33,0.700710417,941,1
2015-02-04,"week_1",0,"Wednesday","7",0.7,24.26,6960,0,0,0,0,58,0.700612069,1471,1
2015-02-04,"week_1",0,"Wednesday","11",0.7,10.05,6120,60,0,0,0,53,0.700278846,1042,1
2015-02-04,"week_1",0,"Wednesday","8",0.7,29.12,6840,0,0,0,0,57,0.700135088,1248,1
2015-02-04,"week_1",1,"Wednesday","12",0.8,4.08,1080,0,0,0,0,9,0.687555556,0,0
2015-02-04,"week_1",0,"Wednesday","5",0.65,30.1,5820,0,90,10,0,59,0.650834808,326,1
2015-02-04,"week_1",1,"Wednesday","6",0.7,2.9,960,0,0,0,0,8,0.531666667,0,0
2015-02-04,"week_1",0,"Wednesday","4",0.35,30.1,6060,23,150,15,0,56,0.350706422,287,1
2015-02-05,"week_1",0,"Thursday","2",0.8,22.52,6780,113,0,0,0,57,0.999999,1300,1
2015-02-05,"week_1",0,"Thursday","1",0.8,22.52,6900,113,0,0,0,58,0.999999,1485,1
2015-02-05,"week_1",0,"Thursday","10",0.8,22.52,6720,113,0,0,0,56,0.999995238,1039,1
2015-02-05,"week_1",1,"Thursday","2",0.8,3.94,2640,0,0,0,0,22,0.999924242,0,1
2015-02-05,"week_1",0,"Thursday","3",0.8,22.52,6840,100,0,0,0,57,0.950185965,1063,1
2015-02-05,"week_1",1,"Thursday","6",0.7,2.9,960,0,0,0,0,8,0.9425,0,1
2015-02-05,"week_1",1,"Thursday","12",0.8,4.08,1080,0,0,0,0,9,0.906666667,0,1
2015-02-05,"week_1",1,"Thursday","7",0.7,3.94,1200,0,0,0,0,10,0.8471,0,1
2015-02-05,"week_1",1,"Thursday","1",0.8,3.94,1440,0,0,0,0,12,0.845458333,0,1
2015-02-05,"week_1",0,"Thursday","12",0.8,15.26,720,38,0,0,0,34,0.800612676,1083,1
2015-02-05,"week_1",0,"Thursday","9",0.8,29.12,6960,50,0,0,0,58,0.799963218,1069,1
2015-02-05,"week_1",1,"Thursday","10",0.8,3.94,960,0,0,0,0,8,0.771583333,0,0
2015-02-05,"week_1",0,"Thursday","11",0.75,10.05,2520,34,0,0,0,26,0.7504,668,1
2015-02-05,"week_1",0,"Thursday","6",0.7,18.79,2760,30,0,0,0,33,0.700079032,766,1
2015-02-05,"week_1",0,"Thursday","5",0.7,30.1,6960,0,0,0,0,58,0.562212644,557,0
2015-02-05,"week_1",0,"Thursday","7",0.7,24.26,6960,0,0,0,0,58,0.522844828,1608,0
2015-02-05,"week_1",0,"Thursday","4",0.5,30.1,6360,23,0,0,1,53,0.500720126,417,1
2015-02-05,"week_1",0,"Thursday","8",0.7,24.26,6840,0,0,0,0,57,0.496549708,1167,0
2015-02-07,"week_1",1,"Saturday","2",0.8,3.94,3000,0,0,0,0,25,0.999999,0,1
2015-02-07,"week_1",0,"Saturday","2",0.8,22.52,6900,113,0,0,0,58,0.999999,1186,1
2015-02-07,"week_1",0,"Saturday","3",0.8,22.52,6840,100,0,0,0,57,0.950185965,1060,1
2015-02-07,"week_1",0,"Saturday","1",0.8,22.52,6780,88,0,0,0,57,0.900135693,1534,1
2015-02-07,"week_1",0,"Saturday","10",0.8,22.52,6720,88,0,0,0,56,0.900129762,1142,1
2015-02-07,"week_1",1,"Saturday","12",0.8,4.08,1080,0,0,0,0,9,0.899111111,0,1
2015-02-07,"week_1",1,"Saturday","1",0.8,3.94,1200,0,0,0,0,10,0.870083333,0,1
2015-02-07,"week_1",1,"Saturday","6",0.75,2.9,960,0,0,0,0,8,0.845833333,0,1
2015-02-07,"week_1",0,"Saturday","12",0.8,15.26,4080,63,0,0,0,34,0.800401961,1021,1
2015-02-07,"week_1",0,"Saturday","9",0.8,29.12,6960,50,0,0,0,58,0.799963218,829,1
2015-02-07,"week_1",1,"Saturday","9",0.8,3.94,960,0,0,0,0,8,0.771583333,0,0
2015-02-07,"week_1",0,"Saturday","6",0.75,18.79,1560,34,0,0,0,33,0.750520115,813,1
2015-02-07,"week_1",0,"Saturday","11",0.75,10.05,3240,45,0,0,0,27,0.750027778,677,1
2015-02-07,"week_1",1,"Saturday","7",0.7,3.94,1200,0,0,0,0,10,0.715766667,0,1
2015-02-07,"week_1",0,"Saturday","7",0.7,24.26,6960,0,270,45,0,58,0.662270115,658,0
2015-02-07,"week_1",0,"Saturday","4",0.6,30.1,6780,30,0,0,1,57,0.600224189,486,1
2015-02-07,"week_1",0,"Saturday","5",0.7,30.1,7500,0,0,0,0,59,0.545657673,687,0
2015-02-07,"week_1",1,"Saturday","4",0.8,4.3,960,0,0,0,0,8,0.447916667,0,0
2015-02-07,"week_1",0,"Saturday","8",0.7,24.26,6840,0,300,37,0,57,0.365318713,652,0
2015-02-08,"week_2",0,"Sunday","2",0.8,22.52,6900,113,0,0,0,58,0.999999,1233,1
2015-02-08,"week_2",1,"Sunday","7",0.7,4.15,1440,0,0,0,0,12,0.928680556,0,1
2015-02-08,"week_2",0,"Sunday","10",0.8,22.52,6720,88,0,0,0,56,0.9008,1388,1
2015-02-08,"week_2",0,"Sunday","1",0.8,22.52,6780,88,0,0,0,57,0.900135693,1615,1
2015-02-08,"week_2",0,"Sunday","3",0.8,22.52,6720,88,0,0,0,56,0.900129762,1283,1
2015-02-08,"week_2",1,"Sunday","1",0.8,3.94,1200,0,0,0,0,10,0.893066667,0,1
2015-02-08,"week_2",1,"Sunday","12",0.8,4.08,1080,0,0,0,0,9,0.891555556,0,1
2015-02-08,"week_2",1,"Sunday","2",0.8,3.94,2160,0,0,0,0,18,0.875555556,0,1
2015-02-08,"week_2",1,"Sunday","8",0.7,4.15,1800,0,0,0,0,15,0.840888889,0,1
2015-02-08,"week_2",0,"Sunday","12",0.8,15.26,2880,63,0,0,0,34,0.800355208,1026,1
2015-02-08,"week_2",0,"Sunday","9",0.8,29.12,6960,50,0,0,0,58,0.799963218,909,1
2015-02-08,"week_2",0,"Sunday","6",0.75,18.79,3960,34,0,0,0,33,0.75065101,670,1
2015-02-08,"week_2",0,"Sunday","11",0.75,10.05,3240,45,0,0,0,27,0.750027778,629,1
2015-02-08,"week_2",0,"Sunday","5",0.7,30.1,7020,0,0,0,0,59,0.700618234,754,1
2015-02-08,"week_2",1,"Sunday","6",0.75,2.9,960,0,0,0,0,8,0.610208333,0,0
2015-02-08,"week_2",1,"Sunday","9",0.8,3.94,960,0,0,0,0,8,0.607416667,0,0
2015-02-08,"week_2",0,"Sunday","4",0.65,30.1,6780,44,0,0,1,57,0.568259587,712,0
2015-02-08,"week_2",0,"Sunday","7",0.7,24.26,6960,0,0,0,0,58,0.355534483,148,0
2015-02-08,"week_2",0,"Sunday","8",0.7,24.26,6840,0,0,0,0,57,0.353259649,154,0
2015-02-09,"week_2",1,"Monday","2",0.8,3.94,2160,0,0,0,0,18,0.999999,0,1
2015-02-09,"week_2",1,"Monday","1",0.8,3.94,1200,0,0,0,0,10,0.962016667,0,1
2015-02-09,"week_2",0,"Monday","10",0.8,22.52,120,88,0,0,0,56,0.9008,1127,1
2015-02-09,"week_2",0,"Monday","1",0.8,22.52,3600,70,0,0,0,57,0.900509044,1506,1
2015-02-09,"week_2",0,"Monday","2",0.8,22.52,360,70,0,0,0,57,0.900477825,1413,1
2015-02-09,"week_2",1,"Monday","6",0.75,2.9,960,0,0,0,0,8,0.888125,0,1
2015-02-09,"week_2",0,"Monday","12",0.8,15.26,4080,63,0,0,0,34,0.800401961,970,1
2015-02-09,"week_2",0,"Monday","3",0.8,22.52,5400,50,0,0,0,57,0.800161172,1271,1
2015-02-09,"week_2",0,"Monday","9",0.8,29.12,6960,50,0,0,0,58,0.799963218,1073,1
2015-02-09,"week_2",0,"Monday","4",0.7,30.1,3300,50,0,0,1,57,0.790003236,767,1
2015-02-09,"week_2",0,"Monday","11",0.75,10.05,0,45,0,0,0,54,0.750648148,103,1
2015-02-09,"week_2",1,"Monday","8",0.35,4.15,1800,0,0,0,0,15,0.707111111,0,1
2015-02-09,"week_2",0,"Monday","5",0.7,30.1,7020,40,0,0,0,58,0.700618234,773,1
2015-02-09,"week_2",1,"Monday","9",0.8,3.94,960,0,0,0,0,8,0.697708333,0,0
2015-02-09,"week_2",0,"Monday","6",0.75,18.79,4080,0,0,0,0,34,0.612517157,708,0
2015-02-09,"week_2",0,"Monday","7",0.35,30.1,6960,0,0,0,1,58,0.350301724,842,1
2015-02-09,"week_2",0,"Monday","8",0.35,30.1,6960,0,0,0,1,58,0.350301724,901,1
2015-02-09,"week_2",1,"Monday","12",0.8,4.08,1080,0,0,0,0,9,0.272,0,0
2015-02-10,"week_2",1,"Tuesday","12",0.8,4.08,1080,0,0,0,0,9,0.999999,0,1
2015-02-10,"week_2",1,"Tuesday","2",0.8,3.94,2160,0,0,0,0,18,0.966759259,0,1
2015-02-10,"week_2",0,"Tuesday","10",0.8,22.52,0,88,0,0,0,56,0.90063244,1268,1
2015-02-10,"week_2",0,"Tuesday","1",0.8,22.52,0,88,0,0,0,57,0.90047076,1546,1
2015-02-10,"week_2",0,"Tuesday","3",0.8,22.52,0,88,0,0,0,57,0.90047076,813,1
2015-02-10,"week_2",0,"Tuesday","2",0.8,22.52,0,88,0,0,0,57,0.899984058,1512,1
2015-02-10,"week_2",1,"Tuesday","1",0.8,3.94,1440,0,0,0,0,12,0.853666667,0,1
2015-02-10,"week_2",0,"Tuesday","9",0.8,29.12,2160,38,0,0,0,58,0.8008,1263,1
2015-02-10,"week_2",0,"Tuesday","12",0.8,15.26,4080,50,0,0,0,34,0.800401961,900,1
2015-02-10,"week_2",1,"Tuesday","4",0.7,4.15,1800,0,0,0,0,15,0.796755556,0,1
2015-02-10,"week_2",0,"Tuesday","6",0.75,18.79,2400,0,0,0,0,34,0.750797009,640,1
2015-02-10,"week_2",0,"Tuesday","11",0.8,10.05,3240,34,0,0,0,54,0.750648148,13,0
2015-02-10,"week_2",0,"Tuesday","5",0.75,30.1,7020,45,0,0,0,58,0.750356125,855,1
2015-02-10,"week_2",1,"Tuesday","8",0.35,4.15,960,0,0,0,0,8,0.703770833,0,1
2015-02-10,"week_2",0,"Tuesday","4",0.7,30.1,7020,40,0,0,1,58,0.700618234,855,1
2015-02-10,"week_2",1,"Tuesday","9",0.8,3.94,960,0,0,0,0,8,0.6895,0,0
2015-02-10,"week_2",1,"Tuesday","6",0.75,2.9,960,0,0,0,0,8,0.628333333,0,0
2015-02-10,"week_2",0,"Tuesday","7",0.5,30.1,6960,23,0,0,1,58,0.500801724,1025,1
2015-02-10,"week_2",0,"Tuesday","8",0.5,30.1,6960,30,0,0,1,58,0.393548851,1061,0
2015-02-11,"week_2",1,"Wednesday","4",0.7,4.15,1800,0,0,0,0,15,0.999999,0,1
2015-02-11,"week_2",1,"Wednesday","12",0.8,4.08,1080,0,0,0,0,9,0.999999,0,1
2015-02-11,"week_2",0,"Wednesday","2",0.8,22.52,0,90,0,0,0,58,0.999999,1557,1
2015-02-11,"week_2",0,"Wednesday","1",0.8,22.52,0,113,0,0,0,57,0.999999,1498,1
2015-02-11,"week_2",1,"Wednesday","8",0.35,4.15,1440,0,0,0,0,12,0.994375,0,1
2015-02-11,"week_2",1,"Wednesday","2",0.8,3.94,2160,0,0,0,0,18,0.912037037,0,1
2015-02-11,"week_2",1,"Wednesday","5",0.7,4.15,240,0,0,0,0,2,0.87,0,1
2015-02-11,"week_2",0,"Wednesday","10",0.8,22.52,0,75,0,0,0,56,0.850364583,598,1
2015-02-11,"week_2",0,"Wednesday","6",0.8,18.79,3480,38,0,0,0,34,0.800947475,656,1
2015-02-11,"week_2",0,"Wednesday","12",0.8,15.26,4080,50,0,0,0,34,0.800401961,854,1
2015-02-11,"week_2",0,"Wednesday","9",0.8,29.12,3240,50,0,0,0,58,0.800144144,609,1
2015-02-11,"week_2",0,"Wednesday","5",0.75,30.1,7380,56,0,0,0,60,0.750406233,788,1
2015-02-11,"week_2",0,"Wednesday","8",0.6,30.1,4560,30,0,0,1,58,0.714410494,1069,1
2015-02-11,"week_2",0,"Wednesday","4",0.7,30.1,5940,40,0,0,1,60,0.700588406,667,1
2015-02-11,"week_2",1,"Wednesday","1",0.8,3.94,1440,0,0,0,0,12,0.618361111,0,0
2015-02-11,"week_2",0,"Wednesday","7",0.6,30.1,3360,23,0,0,1,58,0.600070513,829,1
2015-02-11,"week_2",1,"Wednesday","9",0.8,3.94,960,0,0,0,0,8,0.54175,0,0
2015-02-11,"week_2",0,"Wednesday","3",0.8,22.52,6840,0,0,0,1,57,0.536901754,11,0
2015-02-11,"week_2",0,"Wednesday","11",0.35,11.41,3240,0,0,0,1,52,0.507903226,434,1
2015-02-12,"week_2",0,"Thursday","1",0.8,22.52,0,138,0,0,0,57,0.999999,1397,1
2015-02-12,"week_2",1,"Thursday","4",0.7,4.15,1800,0,0,0,0,15,0.999999,0,1
2015-02-12,"week_2",0,"Thursday","2",0.8,22.52,0,113,0,0,0,58,0.999999,1327,1
2015-02-12,"week_2",1,"Thursday","12",0.8,4.08,1080,0,0,0,0,9,0.838666667,0,1
2015-02-12,"week_2",0,"Thursday","12",0.8,15.26,4080,50,0,0,0,34,0.800401961,894,1
2015-02-12,"week_2",1,"Thursday","8",0.35,4.15,1440,0,0,0,0,12,0.755486111,0,1
2015-02-12,"week_2",0,"Thursday","5",0.75,30.1,7080,56,0,0,0,59,0.750799435,610,1
2015-02-12,"week_2",0,"Thursday","6",0.8,18.79,3960,0,0,0,0,33,0.688017677,779,0
2015-02-12,"week_2",1,"Thursday","1",0.8,3.94,1440,0,0,0,0,12,0.664875,0,0
2015-02-12,"week_2",1,"Thursday","9",0.8,3.94,960,0,0,0,0,8,0.656666667,0,0
2015-02-12,"week_2",0,"Thursday","4",0.7,30.1,7080,0,0,0,1,59,0.637711864,419,0
2015-02-12,"week_2",1,"Thursday","2",0.8,3.94,2160,0,0,0,0,18,0.601944444,0,0
2015-02-12,"week_2",1,"Thursday","5",0.7,4.15,240,0,0,0,0,2,0.58,0,0
2015-02-12,"week_2",0,"Thursday","7",0.65,30.1,7080,0,0,0,1,59,0.535677966,909,0
2015-02-12,"week_2",0,"Thursday","11",0.5,11.41,2280,0,0,0,1,55,0.50012336,1039,1
2015-02-12,"week_2",0,"Thursday","9",0.8,29.12,6960,0,0,0,0,58,0.497885057,14,0
2015-02-12,"week_2",0,"Thursday","8",0.65,30.1,7080,0,0,0,1,59,0.463403955,1193,0
2015-02-12,"week_2",0,"Thursday","10",0.8,22.52,6000,0,0,0,0,50,0.441392,10,0
2015-02-12,"week_2",0,"Thursday","3",0.35,30.1,6960,0,0,0,1,58,0.350301724,770,1
2015-02-14,"week_2",0,"Saturday","1",0.8,22.52,6840,113,0,0,0,57,0.999999,1416,1
2015-02-14,"week_2",1,"Saturday","7",0.7,4.15,1800,0,0,0,0,15,0.929277778,0,1
2015-02-14,"week_2",1,"Saturday","4",0.75,4.15,2400,0,0,0,0,20,0.902916667,0,1
2015-02-14,"week_2",1,"Saturday","12",0.8,4.08,1080,0,0,0,0,9,0.800888889,0,1
2015-02-14,"week_2",0,"Saturday","12",0.8,15.26,4080,63,0,0,0,34,0.800401961,942,1
2015-02-14,"week_2",0,"Saturday","2",0.8,22.52,3660,63,0,0,0,57,0.80037492,674,1
2015-02-14,"week_2",1,"Saturday","1",0.8,3.94,1440,0,0,0,0,12,0.796208333,0,1
2015-02-14,"week_2",0,"Saturday","4",0.75,30.1,7140,0,0,0,1,59,0.750392157,481,1
2015-02-14,"week_2",0,"Saturday","5",0.75,30.1,7140,56,0,0,0,59,0.750392157,664,1
2015-02-14,"week_2",1,"Saturday","8",0.7,4.15,960,0,0,0,0,8,0.725625,0,1
2015-02-14,"week_2",0,"Saturday","8",0.7,30.1,5160,0,0,0,1,60,0.700206125,824,1
2015-02-14,"week_2",0,"Saturday","7",0.7,30.1,7200,0,0,0,1,60,0.602,957,0
2015-02-14,"week_2",0,"Saturday","11",0.6,11.41,2280,23,0,0,1,55,0.600447507,1039,1
2015-02-14,"week_2",0,"Saturday","6",0.8,18.79,4080,0,0,0,0,34,0.557252451,822,0
2015-02-14,"week_2",0,"Saturday","3",0.5,30.1,6960,30,0,0,1,58,0.500801724,1261,1
2015-02-14,"week_2",1,"Saturday","6",0.8,2.9,960,0,0,0,0,8,0.483333333,0,0
2015-02-14,"week_2",1,"Saturday","9",0.8,3.94,960,0,0,0,0,8,0.238041667,0,0
2015-02-15,"week_3",1,"Sunday","1",0.8,3.94,960,0,0,0,0,8,0.999999,0,1
2015-02-15,"week_3",1,"Sunday","2",0.8,3.94,960,0,0,0,0,8,0.999999,0,1
2015-02-15,"week_3",0,"Sunday","1",0.8,22.52,6840,113,0,0,0,57,0.999999,1420,1
2015-02-15,"week_3",1,"Sunday","12",0.8,4.08,1080,0,0,0,0,9,0.876444444,0,1
2015-02-15,"week_3",0,"Sunday","12",0.8,15.26,1440,50,0,0,0,34,0.800806306,1120,1
2015-02-15,"week_3",1,"Sunday","5",0.75,4.15,240,0,0,0,0,2,0.760833333,0,1
2015-02-15,"week_3",0,"Sunday","5",0.8,30.1,7140,0,0,0,0,60,0.722568627,679,0
2015-02-15,"week_3",1,"Sunday","11",0.6,2.9,1200,0,0,0,0,10,0.715333333,0,1
2015-02-15,"week_3",0,"Sunday","7",0.7,30.1,7080,0,0,0,1,59,0.700632768,881,1
2015-02-15,"week_3",0,"Sunday","8",0.7,30.1,5880,40,2,10,1,59,0.700573099,507,1
2015-02-15,"week_3",0,"Sunday","6",0.75,18.79,4080,0,0,0,0,34,0.681598039,814,0
2015-02-15,"week_3",0,"Sunday","11",0.65,11.41,2640,23,0,0,1,53,0.650223718,700,1
2015-02-15,"week_3",1,"Sunday","8",0.7,4.15,960,0,0,0,0,8,0.605208333,0,0
2015-02-15,"week_3",1,"Sunday","6",0.8,2.9,960,0,0,0,0,8,0.604166667,0,0
2015-02-15,"week_3",0,"Sunday","4",0.75,30.1,7140,0,0,0,1,60,0.598627451,919,0
2015-02-15,"week_3",0,"Sunday","3",0.6,30.1,6960,30,0,0,1,58,0.475718391,1361,0
2015-02-15,"week_3",0,"Sunday","2",0.8,22.52,6900,0,0,0,0,58,0.432122899,12,0
2015-02-15,"week_3",1,"Sunday","4",0.75,4.15,2400,0,0,0,0,20,0.287041667,0,0
2015-02-15,"week_3",0,"Sunday","9",0.5,18.79,5280,0,0,0,1,54,0.283054487,1688,0
2015-02-16,"week_3",0,"Monday","1",0.8,22.52,6840,113,0,0,0,57,0.999999,1422,1
2015-02-16,"week_3",1,"Monday","9",0.8,3.94,1200,0,0,0,0,10,0.960433333,0,1
2015-02-16,"week_3",1,"Monday","12",0.8,4.08,1080,0,0,0,0,9,0.891555556,0,1
2015-02-16,"week_3",1,"Monday","3",0.5,4.15,960,0,0,0,0,8,0.864583333,0,1
2015-02-16,"week_3",0,"Monday","3",0.65,30.1,600,63,0,0,1,58,0.802243319,1263,1
2015-02-16,"week_3",0,"Monday","5",0.8,30.1,0,0,0,0,0,59,0.800980392,461,1
2015-02-16,"week_3",0,"Monday","12",0.8,15.26,3720,38,0,0,0,34,0.800312375,1079,1
2015-02-16,"week_3",1,"Monday","6",0.8,2.9,960,0,0,0,0,8,0.773333333,0,0
2015-02-16,"week_3",0,"Monday","6",0.75,18.79,3960,0,0,0,0,33,0.75065101,895,1
2015-02-16,"week_3",0,"Monday","4",0.75,30.1,7020,0,0,0,1,58,0.750356125,912,1
2015-02-16,"week_3",1,"Monday","4",0.75,4.15,1800,0,0,0,0,15,0.722333333,0,0
2015-02-16,"week_3",0,"Monday","7",0.7,30.1,600,30,0,0,1,59,0.700459889,784,1
2015-02-16,"week_3",1,"Monday","5",0.75,4.15,1200,0,0,0,0,10,0.629416667,0,0
2015-02-16,"week_3",0,"Monday","8",0.7,30.1,7080,27,2,10,1,59,0.621971751,7,0
2015-02-16,"week_3",0,"Monday","11",0.7,11.41,2160,30,0,0,1,54,0.565972222,680,0
2015-02-16,"week_3",0,"Monday","10",0.6,18.22,5280,0,0,0,1,44,0.35542803,1131,0
2015-02-16,"week_3",0,"Monday","9",0.6,18.79,5400,0,0,0,1,54,0.329964879,2103,0
2015-02-16,"week_3",1,"Monday","7",0.7,4.15,1800,0,0,0,0,15,0.258,0,0
2015-02-17,"week_3",0,"Tuesday","1",0.8,22.52,6840,113,0,0,0,57,0.999999,1445,1
2015-02-17,"week_3",1,"Tuesday","10",0.8,3.94,960,0,0,0,0,8,0.927541667,0,1
2015-02-17,"week_3",1,"Tuesday","7",0.7,5.13,1200,0,0,0,0,10,0.91375,0,1
2015-02-17,"week_3",1,"Tuesday","12",0.8,5.13,1080,0,0,0,0,9,0.9025,0,1
2015-02-17,"week_3",0,"Tuesday","12",0.8,15.26,4080,38,0,0,0,34,0.800401961,1133,1
2015-02-17,"week_3",1,"Tuesday","3",0.5,5.13,1800,0,0,0,0,15,0.7866,0,1
2015-02-17,"week_3",0,"Tuesday","6",0.75,18.79,3360,0,0,0,0,33,0.750621354,726,1
2015-02-17,"week_3",0,"Tuesday","4",0.75,30.1,7020,45,0,0,1,58,0.750356125,849,1
2015-02-17,"week_3",1,"Tuesday","6",0.8,2.9,960,0,0,0,0,8,0.749166667,0,0
2015-02-17,"week_3",0,"Tuesday","7",0.7,30.1,840,30,0,0,1,59,0.700888203,562,1
2015-02-17,"week_3",0,"Tuesday","11",0.7,11.41,3420,30,0,0,1,56,0.700614035,1054,1
2015-02-17,"week_3",0,"Tuesday","3",0.7,30.1,6960,50,0,0,1,58,0.700603448,1422,1
2015-02-17,"week_3",1,"Tuesday","4",0.75,5.13,960,0,0,0,0,8,0.656666667,0,0
2015-02-17,"week_3",0,"Tuesday","5",0.8,30.1,7140,0,0,0,0,59,0.653431373,680,0
2015-02-17,"week_3",0,"Tuesday","9",0.65,18.79,5520,0,0,0,1,51,0.650134,2120,1
2015-02-17,"week_3",0,"Tuesday","8",0.6,29.4,0,23,5,30,1,58,0.600982906,179,1
2015-02-17,"week_3",1,"Tuesday","9",0.8,3.94,960,0,0,0,0,8,0.586041667,0,0
2015-02-17,"week_3",1,"Tuesday","2",0.8,5.13,1800,0,0,0,0,15,0.5814,0,0
2015-02-17,"week_3",0,"Tuesday","2",0.5,30.33,6720,0,0,0,1,56,0.361071429,838,0
2015-02-17,"week_3",0,"Tuesday","10",0.65,18.22,0,0,8,35,1,49,0.302117347,741,0
2015-02-18,"week_3",1,"Wednesday","12",0.8,5.13,1200,0,0,0,0,10,0.9918,0,1
2015-02-18,"week_3",1,"Wednesday","6",0.8,2.9,1440,0,0,0,0,12,0.936861111,0,1
2015-02-18,"week_3",1,"Wednesday","2",0.8,5.13,1440,0,0,0,0,12,0.919125,0,1
2015-02-18,"week_3",0,"Wednesday","11",0.7,11.41,3360,30,0,0,1,56,0.8211125,685,1
2015-02-18,"week_3",0,"Wednesday","4",0.8,30.1,480,50,0,0,1,58,0.800980392,864,1
2015-02-18,"week_3",0,"Wednesday","5",0.8,30.1,0,0,0,0,0,59,0.800980392,511,1
2015-02-18,"week_3",0,"Wednesday","12",0.8,15.26,4080,63,0,0,0,34,0.800401961,1095,1
2015-02-18,"week_3",0,"Wednesday","1",0.8,22.52,3960,63,0,0,0,57,0.800279693,1374,1
2015-02-18,"week_3",0,"Wednesday","6",0.75,18.79,3960,34,0,0,0,33,0.75065101,759,1
2015-02-18,"week_3",0,"Wednesday","7",0.75,30.1,2280,45,0,0,1,59,0.75053268,553,1
2015-02-18,"week_3",1,"Wednesday","4",0.75,5.13,960,0,0,0,0,8,0.734645833,0,0
2015-02-18,"week_3",0,"Wednesday","3",0.7,30.1,0,40,0,0,1,58,0.700603448,1057,1
2015-02-18,"week_3",0,"Wednesday","9",0.7,18.79,4560,30,0,0,1,51,0.70009573,1587,1
2015-02-18,"week_3",1,"Wednesday","7",0.7,5.13,960,0,0,0,0,8,0.671875,0,0
2015-02-18,"week_3",1,"Wednesday","10",0.8,3.94,960,0,0,0,0,8,0.64025,0,0
2015-02-18,"week_3",1,"Wednesday","8",0.7,5.13,960,0,0,0,0,8,0.58,0,0
2015-02-18,"week_3",1,"Wednesday","9",0.8,3.94,960,0,0,0,0,8,0.549791667,0,0
2015-02-18,"week_3",0,"Wednesday","2",0.6,30.33,6840,0,0,0,1,57,0.328131579,868,0
2015-02-18,"week_3",0,"Wednesday","10",0.7,19.68,5640,0,8,35,1,47,0.303574468,1119,0
2015-02-18,"week_3",1,"Wednesday","3",0.5,5.13,960,0,0,0,0,8,0.2565,0,0
2015-02-18,"week_3",0,"Wednesday","8",0.65,29.4,4560,0,4.5,30,1,57,0.251399254,962,0
2015-02-19,"week_3",1,"Thursday","3",0.5,5.13,2880,0,0,0,0,12,0.81640625,0,1
2015-02-19,"week_3",0,"Thursday","12",0.8,15.26,1080,38,0,0,0,34,0.800711494,1126,1
2015-02-19,"week_3",0,"Thursday","1",0.8,22.52,3840,63,0,0,0,57,0.800470513,265,1
2015-02-19,"week_3",0,"Thursday","4",0.8,30.1,7020,63,0,0,1,59,0.800094017,859,1
2015-02-19,"week_3",0,"Thursday","5",0.8,30.1,600,63,3.5,15,0,60,0.799982853,276,1
2015-02-19,"week_3",1,"Thursday","6",0.8,2.9,4320,0,0,0,0,18,0.785864198,0,0
2015-02-19,"week_3",0,"Thursday","6",0.75,18.79,3960,56,0,0,0,33,0.75065101,899,1
2015-02-19,"week_3",1,"Thursday","10",0.8,3.94,2400,0,0,0,0,10,0.733277778,0,0
2015-02-19,"week_3",1,"Thursday","2",0.8,5.13,3600,0,0,0,0,15,0.710125,0,0
2015-02-19,"week_3",0,"Thursday","3",0.7,30.1,6960,50,0,0,1,58,0.700603448,247,1
2015-02-19,"week_3",0,"Thursday","11",0.7,11.41,3480,30,0,0,1,58,0.700540441,653,1
2015-02-19,"week_3",0,"Thursday","8",0.7,29.4,6240,0,0,0,1,57,0.7,1116,1
2015-02-19,"week_3",1,"Thursday","4",0.75,5.13,1920,0,0,0,0,8,0.684027778,0,0
2015-02-19,"week_3",1,"Thursday","8",0.7,5.13,1920,0,0,0,0,8,0.672135417,0,0
2015-02-19,"week_3",0,"Thursday","9",0.7,18.79,6120,30,0,0,1,51,0.638614379,1603,0
2015-02-19,"week_3",1,"Thursday","5",0.75,5.13,1920,0,0,0,0,8,0.631354167,0,0
2015-02-19,"week_3",0,"Thursday","7",0.75,30.1,0,0,5,20,1,59,0.611140537,444,0
2015-02-19,"week_3",1,"Thursday","12",0.8,5.13,2160,0,0,0,0,9,0.609583333,0,0
2015-02-19,"week_3",0,"Thursday","2",0.65,30.33,6840,0,0,0,1,57,0.585315789,841,0
2015-02-19,"week_3",0,"Thursday","10",0.7,19.68,5760,0,0,0,1,48,0.249416667,1410,0
2015-02-22,"week_4",1,"Sunday","3",0.5,5.13,1800,0,0,0,0,15,0.8721,0,1
2015-02-22,"week_4",1,"Sunday","6",0.8,2.9,960,0,0,0,0,8,0.8319375,0,1
2015-02-22,"week_4",1,"Sunday","2",0.8,5.13,4800,0,0,0,0,20,0.8300625,0,1
2015-02-22,"week_4",1,"Sunday","11",0.6,2.9,2880,0,0,0,0,12,0.805555556,0,1
2015-02-22,"week_4",0,"Sunday","12",0.8,15.26,4080,63,0,0,0,34,0.800401961,1103,1
2015-02-22,"week_4",0,"Sunday","4",0.8,30.1,5820,63,0,0,1,59,0.80000295,922,1
2015-02-22,"week_4",1,"Sunday","12",0.8,5.13,2400,0,0,0,0,10,0.78375,0,0
2015-02-22,"week_4",1,"Sunday","9",0.8,3.94,2400,0,0,0,0,10,0.753525,0,0
2015-02-22,"week_4",0,"Sunday","6",0.75,18.79,3960,45,0,0,0,33,0.75065101,1055,1
2015-02-22,"week_4",1,"Sunday","1",0.8,3.94,2880,0,0,0,0,12,0.727349537,0,0
2015-02-22,"week_4",0,"Sunday","8",0.7,29.4,6840,40,0,0,1,57,0.700614035,1146,1
2015-02-22,"week_4",0,"Sunday","2",0.7,30.33,6840,0,0,0,1,57,0.700605263,746,1
2015-02-22,"week_4",0,"Sunday","11",0.75,11.41,3480,0,0,0,1,58,0.672140805,834,0
2015-02-22,"week_4",0,"Sunday","9",0.7,18.79,3240,30,0,0,1,57,0.627011183,1717,0
2015-02-22,"week_4",0,"Sunday","3",0.7,30.1,8160,33,0,0,1,58,0.626577778,1041,0
2015-02-22,"week_4",0,"Sunday","10",0.7,21.25,6000,0,0,0,1,50,0.456875,1531,0
2015-02-22,"week_4",0,"Sunday","7",0.75,30.1,6960,0,3.5,20,1,58,0.393548851,627,0
2015-02-22,"week_4",1,"Sunday","10",0.8,3.94,960,0,0,0,0,8,0.385791667,0,0
2015-02-22,"week_4",0,"Sunday","5",0.8,30.1,5700,0,4.5,25,0,60,0.307501459,450,0
2015-02-22,"week_4",1,"Sunday","7",0.7,5.13,960,0,0,0,0,8,0.283958333,0,0
2015-02-23,"week_4",1,"Monday","10",0.8,3.94,2400,0,0,0,0,20,0.955791667,0,1
2015-02-23,"week_4",1,"Monday","8",0.7,5.13,960,0,0,0,0,8,0.930416667,0,1
2015-02-23,"week_4",1,"Monday","12",0.8,5.13,1080,0,0,0,0,9,0.9025,0,1
2015-02-23,"week_4",1,"Monday","3",0.8,5.13,2160,0,0,0,0,18,0.87115,0,1
2015-02-23,"week_4",0,"Monday","12",0.8,15.26,4080,63,0,0,0,34,0.800401961,1060,1
2015-02-23,"week_4",0,"Monday","4",0.8,30.1,7140,38,0,0,1,59,0.800137255,891,1
2015-02-23,"week_4",0,"Monday","5",0.8,30.1,7140,38,0,0,0,59,0.800137255,541,1
2015-02-23,"week_4",0,"Monday","7",0.75,30.1,6960,45,0,0,1,58,0.750770115,709,1
2015-02-23,"week_4",0,"Monday","6",0.75,18.79,3960,45,0,0,0,33,0.75065101,1100,1
2015-02-23,"week_4",0,"Monday","11",0.75,11.41,2820,0,0,0,1,58,0.750293939,826,1
2015-02-23,"week_4",0,"Monday","2",0.7,30.33,2160,30,0,0,1,58,0.700623,577,1
2015-02-23,"week_4",0,"Monday","8",0.7,29.4,6840,40,0,0,1,57,0.700614035,1094,1
2015-02-23,"week_4",0,"Monday","3",0.7,29.4,6960,30,0,0,1,58,0.700362069,1228,1
2015-02-23,"week_4",0,"Monday","9",0.7,18.79,6000,40,0,0,1,50,0.60128,1641,0
2015-02-23,"week_4",0,"Monday","10",0.7,21.25,6000,0,0,0,1,50,0.417916667,1583,0
2015-02-23,"week_4",1,"Monday","6",0.8,2.9,960,0,0,0,0,8,0.3715625,0,0
2015-02-23,"week_4",1,"Monday","9",0.8,2.9,960,0,0,0,0,8,0.3715625,0,0
2015-02-23,"week_4",1,"Monday","2",0.8,5.13,960,0,0,0,0,8,0.36871875,0,0
2015-02-23,"week_4",1,"Monday","7",0.7,5.13,960,0,0,0,0,8,0.356458333,0,0
2015-02-24,"week_4",1,"Tuesday","10",0.7,2.9,1800,0,0,0,0,15,0.902222222,0,1
2015-02-24,"week_4",1,"Tuesday","3",0.8,4.6,1440,0,0,0,0,12,0.811388889,0,1
2015-02-24,"week_4",0,"Tuesday","12",0.8,15.26,4080,50,0,0,0,34,0.800401961,1062,1
2015-02-24,"week_4",0,"Tuesday","5",0.8,30.1,7140,50,0,0,0,60,0.800137255,450,1
2015-02-24,"week_4",0,"Tuesday","4",0.8,30.1,6480,50,0,0,1,59,0.800071839,901,1
2015-02-24,"week_4",1,"Tuesday","8",0.7,4.6,960,0,0,0,0,8,0.791458333,0,1
2015-02-24,"week_4",0,"Tuesday","7",0.75,30.1,5640,45,0,0,1,59,0.750727326,739,1
2015-02-24,"week_4",0,"Tuesday","6",0.75,18.79,3360,45,0,0,0,33,0.75065101,913,1
2015-02-24,"week_4",0,"Tuesday","11",0.75,11.61,3360,34,0,0,1,57,0.750437269,698,1
2015-02-24,"week_4",0,"Tuesday","3",0.75,29.4,5340,45,0,0,1,60,0.750176991,1172,1
2015-02-24,"week_4",1,"Tuesday","6",0.75,2.9,1800,0,0,0,0,15,0.726933333,0,0
2015-02-24,"week_4",1,"Tuesday","9",0.7,2.9,1800,0,0,0,0,15,0.726933333,0,1
2015-02-24,"week_4",0,"Tuesday","2",0.7,30.33,1680,30,0,0,1,59,0.700623,408,1
2015-02-24,"week_4",0,"Tuesday","8",0.7,29.4,4560,40,0,0,1,58,0.700518519,1079,1
2015-02-24,"week_4",0,"Tuesday","9",0.7,18.79,3000,30,0,0,1,52,0.700256795,1068,1
2015-02-24,"week_4",1,"Tuesday","11",0.7,2.9,960,0,0,0,0,8,0.5046875,0,0
2015-02-24,"week_4",0,"Tuesday","10",0.7,21.25,6360,0,0,0,1,53,0.471108491,1834,0
2015-02-24,"week_4",1,"Tuesday","2",0.7,3.9,960,0,0,0,0,8,0.325,0,0
2015-02-24,"week_4",0,"Tuesday","1",0.6,22.53,5040,0,0,0,1,42,0.268214286,708,0
2015-02-25,"week_4",0,"Wednesday","9",0.75,18.79,6240,56,0,0,1,52,0.970816667,1085,1
2015-02-25,"week_4",1,"Wednesday","5",0.8,4.6,1080,0,0,0,0,9,0.902962963,0,1
2015-02-25,"week_4",1,"Wednesday","3",0.8,4.6,2400,0,0,0,0,20,0.900833333,0,1
2015-02-25,"week_4",1,"Wednesday","12",0.8,4.6,1800,0,0,0,0,15,0.899555556,0,1
2015-02-25,"week_4",1,"Wednesday","10",0.7,2.9,1200,0,0,0,0,10,0.845833333,0,1
2015-02-25,"week_4",0,"Wednesday","4",0.8,30.1,4080,50,0,0,1,59,0.800808642,323,1
2015-02-25,"week_4",0,"Wednesday","12",0.8,15.26,4080,50,0,0,0,34,0.800401961,1053,1
2015-02-25,"week_4",0,"Wednesday","7",0.8,30.1,7080,50,0,0,1,59,0.800115819,786,1
2015-02-25,"week_4",0,"Wednesday","6",0.75,18.79,3960,45,0,0,1,33,0.75065101,1003,1
2015-02-25,"week_4",0,"Wednesday","11",0.75,11.61,3360,45,0,0,0,57,0.750503571,635,1
2015-02-25,"week_4",0,"Wednesday","3",0.75,29.4,6960,45,0,0,1,58,0.750206897,1283,1
2015-02-25,"week_4",0,"Wednesday","8",0.7,29.4,6960,30,0,0,1,58,0.700362069,847,1
2015-02-25,"week_4",0,"Wednesday","2",0.7,30.33,3960,30,0,0,1,58,0.700069811,361,1
2015-02-25,"week_4",0,"Wednesday","10",0.7,21.82,6240,0,0,0,1,52,0.700058333,1653,1
2015-02-25,"week_4",1,"Wednesday","7",0.75,4.6,960,0,0,0,0,8,0.676666667,0,0
2015-02-25,"week_4",1,"Wednesday","8",0.7,4.6,960,0,0,0,0,8,0.658541667,0,0
2015-02-25,"week_4",0,"Wednesday","5",0.8,30.1,1200,49,0,0,1,59,0.598792339,15,0
2015-02-25,"week_4",0,"Wednesday","1",0.65,22.53,5040,0,0,0,1,42,0.581130952,762,0
2015-02-25,"week_4",1,"Wednesday","2",0.7,3.9,960,0,0,0,0,8,0.440375,0,0
2015-02-25,"week_4",1,"Wednesday","6",0.75,2.9,960,0,0,0,0,8,0.410833333,0,0
2015-02-25,"week_4",1,"Wednesday","9",0.7,2.9,960,0,0,0,0,8,0.410833333,0,0
2015-02-26,"week_4",1,"Thursday","3",0.8,4.6,6300,0,0,0,0,15,0.921703704,0,1
2015-02-26,"week_4",1,"Thursday","5",0.8,4.6,7560,0,0,0,0,18,0.921604938,0,1
2015-02-26,"week_4",0,"Thursday","7",0.8,30.1,4080,50,0,0,1,59,0.800808642,694,1
2015-02-26,"week_4",0,"Thursday","11",0.8,11.61,2820,50,0,0,1,57,0.800516667,816,1
2015-02-26,"week_4",0,"Thursday","12",0.8,15.26,4080,63,0,0,0,34,0.800401961,1065,1
2015-02-26,"week_4",1,"Thursday","1",0.5,3.94,3360,0,0,0,0,8,0.768847222,0,1
2015-02-26,"week_4",0,"Thursday","6",0.75,18.79,3960,45,0,0,0,33,0.75065101,912,1
2015-02-26,"week_4",0,"Thursday","3",0.75,29.4,6840,45,0,0,1,57,0.750473684,1244,1
2015-02-26,"week_4",0,"Thursday","9",0.75,18.79,5640,45,0,0,1,52,0.750371895,1020,1
2015-02-26,"week_4",0,"Thursday","8",0.75,29.4,6960,56,0,0,1,58,0.750206897,916,1
2015-02-26,"week_4",0,"Thursday","10",0.7,21.82,3240,0,0,0,1,52,0.700251773,1591,1
2015-02-26,"week_4",0,"Thursday","2",0.7,30.33,6960,0,0,0,1,58,0.66237931,398,0
2015-02-26,"week_4",1,"Thursday","12",0.8,4.6,3780,0,0,0,0,9,0.590617284,0,0
2015-02-26,"week_4",1,"Thursday","2",0.7,3.9,960,0,0,0,0,8,0.5565625,0,0
2015-02-26,"week_4",0,"Thursday","4",0.8,30.1,7080,32,0,0,1,59,0.495617514,437,0
2015-02-26,"week_4",0,"Thursday","5",0.35,27.48,6840,38,0,0,1,57,0.449964912,413,1
2015-02-26,"week_4",1,"Thursday","10",0.7,2.9,3360,0,0,0,0,8,0.410833333,0,0
2015-02-26,"week_4",1,"Thursday","9",0.75,2.9,960,0,0,0,0,8,0.4078125,0,0
2015-02-26,"week_4",0,"Thursday","1",0.35,26.66,6600,23,0,0,1,55,0.378895152,1164,1
2015-02-26,"week_4",1,"Thursday","8",0.75,4.6,3360,0,0,0,0,8,0.376597222,0,0
2015-02-26,"week_4",1,"Thursday","6",0.75,2.9,3360,0,0,0,0,8,0.271875,0,0
2015-02-28,"week_4",1,"Saturday","3",0.8,4.6,6300,0,0,0,0,15,0.921703704,0,1
2015-02-28,"week_4",1,"Saturday","5",0.8,4.6,7560,0,0,0,0,18,0.921604938,0,1
2015-02-28,"week_4",0,"Saturday","11",0.8,11.61,0,50,0,0,1,58,0.800779018,954,1
2015-02-28,"week_4",0,"Saturday","12",0.8,15.26,1700,62,0,0,0,34,0.800260821,1194,1
2015-02-28,"week_4",0,"Saturday","7",0.8,30.1,840,38,0,0,1,59,0.799982853,644,1
2015-02-28,"week_4",1,"Saturday","1",0.5,3.94,3360,0,0,0,0,8,0.768847222,0,1
2015-02-28,"week_4",0,"Saturday","3",0.75,29.4,4440,45,0,0,1,57,0.750716981,1144,1
2015-02-28,"week_4",0,"Saturday","6",0.75,18.79,3960,45,0,0,0,33,0.75065101,1012,1
2015-02-28,"week_4",0,"Saturday","8",0.75,29.4,4560,56,0,0,1,58,0.750425926,792,1
2015-02-28,"week_4",0,"Saturday","9",0.75,18.79,6240,45,0,0,1,52,0.750395513,841,1
2015-02-28,"week_4",0,"Saturday","10",0.7,21.82,6120,40,0,0,1,51,0.700236601,1448,1
2015-02-28,"week_4",0,"Saturday","2",0.7,30.33,4560,0,0,0,1,58,0.700211111,512,1
2015-02-28,"week_4",1,"Saturday","12",0.8,4.6,3780,0,0,0,0,9,0.590617284,0,0
2015-02-28,"week_4",1,"Saturday","2",0.7,3.9,960,0,0,0,0,8,0.5565625,0,0
2015-02-28,"week_4",0,"Saturday","5",0.5,27.48,6840,30,0,0,1,57,0.550403509,609,1
2015-02-28,"week_4",0,"Saturday","1",0.5,26.66,6840,30,0,0,1,57,0.550349708,1448,1
2015-02-28,"week_4",0,"Saturday","4",0.5,26.66,6960,23,0,0,1,58,0.500258046,556,1
2015-02-28,"week_4",1,"Saturday","10",0.7,2.9,3360,0,0,0,0,8,0.410833333,0,0
2015-02-28,"week_4",1,"Saturday","9",0.75,2.9,960,0,0,0,0,8,0.4078125,0,0
2015-02-28,"week_4",1,"Saturday","8",0.75,4.6,3360,0,0,0,0,8,0.376597222,0,0
2015-02-28,"week_4",1,"Saturday","6",0.75,2.9,3360,0,0,0,0,8,0.271875,0,0
2015-03-01,"week_1",1,"Sunday","3",0.8,4.6,10500,0,0,0,0,25,0.936355556,0,1
2015-03-01,"week_1",1,"Sunday","8",0.75,4.6,3360,0,0,0,0,8,0.813611111,0,1
2015-03-01,"week_1",0,"Sunday","12",0.8,15.26,4080,63,0,0,0,34,0.800401961,1106,1
2015-03-01,"week_1",0,"Sunday","8",0.75,29.4,6240,56,0,0,0,57,0.75075,622,1
2015-03-01,"week_1",0,"Sunday","6",0.75,18.79,3960,45,0,0,0,33,0.75065101,1193,1
2015-03-01,"week_1",0,"Sunday","3",0.75,29.4,6840,45,0,0,0,57,0.750473684,1143,1
2015-03-01,"week_1",0,"Sunday","9",0.75,18.79,6240,34,0,0,0,52,0.750395513,895,1
2015-03-01,"week_1",0,"Sunday","5",0.6,27.48,6720,38,0,0,0,56,0.707446429,549,1
2015-03-01,"week_1",0,"Sunday","10",0.7,21.82,5640,30,0,0,0,52,0.700236601,1393,1
2015-03-01,"week_1",0,"Sunday","1",0.6,26.66,6840,38,0,0,0,57,0.700019883,1578,1
2015-03-01,"week_1",0,"Sunday","2",0.7,30.33,1800,0,0,0,0,58,0.683550607,254,0
2015-03-01,"week_1",0,"Sunday","11",0.8,11.61,0,50,4,20,0,57,0.682433036,347,0
2015-03-01,"week_1",1,"Sunday","4",0.6,3.94,960,0,0,0,0,8,0.673083333,0,1
2015-03-01,"week_1",1,"Sunday","10",0.7,2.9,3360,0,0,0,0,8,0.664583333,0,0
2015-03-01,"week_1",0,"Sunday","4",0.6,26.66,6840,23,0,0,0,57,0.600239766,692,1
2015-03-01,"week_1",1,"Sunday","2",0.7,3.9,960,0,0,0,0,8,0.585,0,0
2015-03-01,"week_1",0,"Sunday","7",0.8,30.1,6960,0,3.5,15,0,58,0.579511494,934,0
2015-03-01,"week_1",1,"Sunday","1",0.6,3.94,3360,0,0,0,0,8,0.448722222,0,0
2015-03-01,"week_1",1,"Sunday","9",0.75,2.9,960,0,0,0,0,8,0.447083333,0,0
2015-03-01,"week_1",1,"Sunday","7",0.8,4.6,3360,0,0,0,0,8,0.350416667,0,0
2015-03-02,"week_1",1,"Monday","2",0.7,3.9,1200,0,0,0,0,10,0.92885,0,1
2015-03-02,"week_1",1,"Monday","3",0.8,4.6,10080,0,0,0,0,24,0.86037037,0,1
2015-03-02,"week_1",1,"Monday","4",0.65,3.94,960,0,0,0,0,8,0.806879167,0,1
2015-03-02,"week_1",0,"Monday","1",0.65,26.66,6840,65,0,0,0,57,0.800579532,1527,1
2015-03-02,"week_1",0,"Monday","12",0.8,15.26,4080,63,0,0,0,34,0.800401961,1035,1
2015-03-02,"week_1",1,"Monday","9",0.75,2.9,1200,0,0,0,0,10,0.8004,0,1
2015-03-02,"week_1",0,"Monday","11",0.8,11.61,0,50,0,0,0,57,0.800309211,632,1
2015-03-02,"week_1",0,"Monday","3",0.8,29.4,4680,50,0,0,0,57,0.800149813,1231,1
2015-03-02,"week_1",0,"Monday","7",0.8,30.1,7080,0,0,0,0,59,0.800115819,616,1
2015-03-02,"week_1",1,"Monday","8",0.75,4.6,3360,0,0,0,0,8,0.773333333,0,1
2015-03-02,"week_1",0,"Monday","6",0.75,18.79,2880,34,0,0,0,33,0.750797009,947,1
2015-03-02,"week_1",0,"Monday","8",0.75,29.4,6840,45,0,0,0,57,0.750473684,551,1
2015-03-02,"week_1",0,"Monday","9",0.75,18.79,6240,45,0,0,0,52,0.750395513,935,1
2015-03-02,"week_1",0,"Monday","4",0.65,26.66,6780,55,0,0,0,57,0.750254867,832,1
2015-03-02,"week_1",0,"Monday","5",0.65,27.48,6720,34,0,0,0,56,0.700903571,544,1
2015-03-02,"week_1",0,"Monday","10",0.7,21.82,3600,30,0,0,0,51,0.70013604,1511,1
2015-03-02,"week_1",1,"Monday","10",0.7,2.9,3360,0,0,0,0,8,0.632361111,0,0
2015-03-02,"week_1",1,"Monday","12",0.8,4.6,3780,0,0,0,0,9,0.607654321,0,0
2015-03-02,"week_1",1,"Monday","1",0.65,3.94,3360,0,0,0,0,8,0.537919444,0,0
2015-03-02,"week_1",1,"Monday","7",0.8,4.6,3360,0,0,0,0,8,0.342361111,0,0
2015-03-03,"week_1",1,"Tuesday","7",0.8,4.6,4200,0,0,0,0,10,0.999533333,0,1
2015-03-03,"week_1",1,"Tuesday","3",0.8,4.6,6300,0,0,0,0,15,0.902962963,0,1
2015-03-03,"week_1",0,"Tuesday","11",0.8,11.41,0,50,0,0,0,56,0.800701754,601,1
2015-03-03,"week_1",0,"Tuesday","1",0.7,26.66,6960,60,0,0,0,58,0.800566092,1562,1
2015-03-03,"week_1",0,"Tuesday","12",0.8,15.26,4080,50,0,0,0,34,0.800401961,983,1
2015-03-03,"week_1",0,"Tuesday","3",0.8,29.4,6840,50,0,0,0,57,0.800333333,1156,1
2015-03-03,"week_1",0,"Tuesday","7",0.8,30.1,7080,50,0,0,0,59,0.800115819,29,1
2015-03-03,"week_1",0,"Tuesday","4",0.7,26.66,6960,50,0,0,0,58,0.750770115,950,1
2015-03-03,"week_1",0,"Tuesday","8",0.75,29.4,6840,56,0,0,0,57,0.750473684,534,1
2015-03-03,"week_1",0,"Tuesday","9",0.75,18.79,6240,34,0,0,0,52,0.750395513,1096,1
2015-03-03,"week_1",0,"Tuesday","6",0.75,20.2,3120,45,0,0,0,33,0.750212553,402,1
2015-03-03,"week_1",1,"Tuesday","8",0.75,4.6,3360,0,0,0,0,8,0.702777778,0,0
2015-03-03,"week_1",0,"Tuesday","5",0.7,27.48,6840,30,0,0,0,57,0.700659649,573,1
2015-03-03,"week_1",0,"Tuesday","10",0.7,21.82,5040,30,0,0,0,51,0.699984417,1313,1
2015-03-03,"week_1",1,"Tuesday","12",0.8,4.6,3780,0,0,0,0,9,0.636049383,0,0
2015-03-03,"week_1",1,"Tuesday","2",0.4,3.9,6300,0,0,0,0,15,0.567377778,0,1
2015-03-03,"week_1",1,"Tuesday","1",0.7,3.94,3360,0,0,0,0,8,0.555430556,0,0
2015-03-03,"week_1",1,"Tuesday","4",0.7,3.94,3360,0,0,0,0,8,0.555430556,0,0
2015-03-03,"week_1",1,"Tuesday","10",0.7,2.9,3360,0,0,0,0,8,0.463194444,0,0
2015-03-03,"week_1",1,"Tuesday","5",0.7,4.6,3360,0,0,0,0,8,0.354444444,0,0
2015-03-03,"week_1",1,"Tuesday","6",0.75,2.9,3360,0,0,0,0,8,0.309333333,0,0
2015-03-03,"week_1",0,"Tuesday","2",0.4,15.28,5400,0,6.5,30,1,45,0.30277037,157,0
2015-03-04,"week_1",1,"Wednesday","3",0.8,4.6,1200,0,0,0,0,10,0.939166667,0,1
2015-03-04,"week_1",1,"Wednesday","8",0.8,4.6,960,0,0,0,0,8,0.930416667,0,1
2015-03-04,"week_1",1,"Wednesday","12",0.8,4.6,1080,0,0,0,0,9,0.885925926,0,1
2015-03-04,"week_1",1,"Wednesday","9",0.75,2.9,960,0,0,0,0,8,0.83375,0,1
2015-03-04,"week_1",1,"Wednesday","1",0.7,3.94,960,0,0,0,0,8,0.806879167,0,1
2015-03-04,"week_1",1,"Wednesday","4",0.7,3.94,960,0,0,0,0,8,0.806058333,0,1
2015-03-04,"week_1",0,"Wednesday","11",0.8,11.41,0,38,0,0,0,56,0.800701754,433,1
2015-03-04,"week_1",0,"Wednesday","12",0.8,15.26,4080,50,0,0,0,34,0.800401961,961,1
2015-03-04,"week_1",0,"Wednesday","3",0.8,29.4,6840,63,0,0,0,57,0.800333333,1169,1
2015-03-04,"week_1",0,"Wednesday","7",0.8,30.1,3960,50,0,0,0,59,0.800055762,874,1
2015-03-04,"week_1",0,"Wednesday","4",0.7,26.82,6960,60,0,0,0,58,0.799975862,1028,1
2015-03-04,"week_1",0,"Wednesday","1",0.7,26.82,6960,50,0,0,0,58,0.750651724,1772,1
2015-03-04,"week_1",0,"Wednesday","9",0.75,18.79,6240,34,0,0,0,52,0.750395513,1206,1
2015-03-04,"week_1",0,"Wednesday","5",0.7,27.48,6960,40,0,0,0,58,0.700424138,586,1
2015-03-04,"week_1",0,"Wednesday","10",0.7,21.82,5760,30,0,0,0,53,0.700058333,1334,1
2015-03-04,"week_1",1,"Wednesday","7",0.8,4.6,8400,0,0,0,0,20,0.684888889,0,0
2015-03-04,"week_1",1,"Wednesday","5",0.7,4.6,960,0,0,0,0,8,0.592083333,0,0
2015-03-04,"week_1",1,"Wednesday","2",0.5,3.9,960,0,0,0,0,8,0.5403125,0,1
2015-03-04,"week_1",0,"Wednesday","8",0.8,29.4,6840,0,0,0,0,57,0.433263158,30,0
2015-03-04,"week_1",0,"Wednesday","2",0.5,15.28,5520,0,0,0,1,46,0.404144928,261,0
2015-03-04,"week_1",0,"Wednesday","6",0.75,18.79,3960,0,0,0,0,33,0.332146465,52,0
2015-03-05,"week_1",1,"Thursday","8",0.8,4.6,2640,0,0,0,0,22,0.980984848,0,1
2015-03-05,"week_1",1,"Thursday","2",0.6,3.9,960,0,0,0,0,8,0.950625,0,1
2015-03-05,"week_1",1,"Thursday","11",0.8,2.9,1200,0,0,0,0,10,0.927291667,0,1
2015-03-05,"week_1",1,"Thursday","12",0.8,4.6,1080,0,0,0,0,9,0.868888889,0,1
2015-03-05,"week_1",1,"Thursday","1",0.7,3.94,960,0,0,0,0,8,0.812625,0,1
2015-03-05,"week_1",1,"Thursday","4",0.7,3.94,960,0,0,0,0,8,0.812625,0,1
2015-03-05,"week_1",1,"Thursday","3",0.8,4.6,1800,0,0,0,0,15,0.810111111,0,1
2015-03-05,"week_1",0,"Thursday","11",0.8,11.41,3420,50,0,0,0,56,0.800701754,455,1
2015-03-05,"week_1",0,"Thursday","3",0.8,29.4,1800,63,0,0,0,57,0.800534979,797,1
2015-03-05,"week_1",0,"Thursday","12",0.8,15.26,4080,50,0,0,0,34,0.800401961,959,1
2015-03-05,"week_1",0,"Thursday","1",0.7,26.82,6960,50,0,0,0,58,0.750651724,1373,1
2015-03-05,"week_1",0,"Thursday","9",0.75,18.79,6240,45,0,0,0,52,0.750395513,1228,1
2015-03-05,"week_1",0,"Thursday","4",0.7,26.82,7080,50,0,0,0,59,0.750050847,1117,1
2015-03-05,"week_1",0,"Thursday","5",0.7,27.48,6960,40,0,0,0,58,0.700424138,230,1
2015-03-05,"week_1",0,"Thursday","10",0.7,21.82,6000,30,0,0,0,50,0.700422,1390,1
2015-03-05,"week_1",0,"Thursday","2",0.6,15.28,1320,0,0,0,1,46,0.600099145,529,1
2015-03-05,"week_1",1,"Thursday","9",0.75,2.9,960,0,0,0,0,8,0.453125,0,0
2015-03-05,"week_1",0,"Thursday","7",0.8,30.1,1200,0,4,40,0,59,0.366053523,834,0
2015-03-05,"week_1",0,"Thursday","6",0.35,22.53,2640,0,0,0,1,39,0.26369382,1450,0
2015-03-07,"week_1",1,"Saturday","12",0.8,4.6,1080,0,0,0,0,9,0.868888889,0,1
2015-03-07,"week_1",0,"Saturday","12",0.8,15.26,4080,75,0,0,0,34,0.850520588,986,1
2015-03-07,"week_1",0,"Saturday","1",0.7,26.82,8160,70,0,0,0,58,0.850045,1267,1
2015-03-07,"week_1",1,"Saturday","7",0.8,4.6,6000,0,0,0,0,25,0.825444444,0,1
2015-03-07,"week_1",1,"Saturday","5",0.35,3.94,2400,0,0,0,0,10,0.80575,0,1
2015-03-07,"week_1",0,"Saturday","4",0.7,26.82,6960,60,0,0,0,58,0.800746552,1195,1
2015-03-07,"week_1",0,"Saturday","3",0.8,29.4,6840,63,0,0,1,57,0.800578947,983,1
2015-03-07,"week_1",0,"Saturday","11",0.8,11.41,3420,50,0,0,0,58,0.800034503,471,1
2015-03-07,"week_1",1,"Saturday","6",0.5,2.9,960,0,0,0,0,8,0.7975,0,1
2015-03-07,"week_1",0,"Saturday","9",0.75,18.79,3480,45,0,0,0,51,0.749987124,1226,1
2015-03-07,"week_1",0,"Saturday","10",0.7,21.82,6000,30,0,0,0,50,0.700422,1251,1
2015-03-07,"week_1",1,"Saturday","1",0.7,3.94,960,0,0,0,0,8,0.664875,0,0
2015-03-07,"week_1",1,"Saturday","4",0.7,3.94,960,0,0,0,0,8,0.664875,0,0
2015-03-07,"week_1",1,"Saturday","11",0.8,2.9,960,0,0,0,0,8,0.657083333,0,0
2015-03-07,"week_1",0,"Saturday","2",0.65,16.1,4200,0,0,0,1,45,0.65024031,626,1
2015-03-07,"week_1",1,"Saturday","8",0.8,4.6,3600,0,0,0,0,15,0.590740741,0,0
2015-03-07,"week_1",1,"Saturday","2",0.65,3.9,1920,0,0,0,0,8,0.528125,0,0
2015-03-07,"week_1",0,"Saturday","6",0.5,23.41,2280,0,0,0,1,39,0.500528095,1379,1
2015-03-07,"week_1",0,"Saturday","5",0.7,27.48,6960,24,0,0,1,58,0.408960345,541,0
2015-03-08,"week_2",1,"Sunday","3",0.8,4.6,1440,0,0,0,0,12,0.951944444,0,1
2015-03-08,"week_2",1,"Sunday","12",0.8,4.6,1080,0,0,0,0,9,0.945555556,0,1
2015-03-08,"week_2",1,"Sunday","9",0.75,2.9,1080,0,0,0,0,9,0.929074074,0,1
2015-03-08,"week_2",1,"Sunday","1",0.75,3.94,960,0,0,0,0,8,0.890604167,0,1
2015-03-08,"week_2",1,"Sunday","4",0.75,3.94,960,0,0,0,0,8,0.890604167,0,1
2015-03-08,"week_2",1,"Sunday","2",0.7,3.9,1200,0,0,0,0,10,0.884,0,1
2015-03-08,"week_2",1,"Sunday","5",0.5,3.94,960,0,0,0,0,8,0.857916667,0,1
2015-03-08,"week_2",0,"Sunday","4",0.75,26.82,6840,65,0,0,0,57,0.850084211,1082,1
2015-03-08,"week_2",0,"Sunday","1",0.75,26.82,6960,65,0,0,0,58,0.85007069,1254,1
2015-03-08,"week_2",0,"Sunday","3",0.8,30.1,3360,50,0,0,1,57,0.800511068,1278,1
2015-03-08,"week_2",0,"Sunday","12",0.8,15.26,4080,63,0,0,0,34,0.800401961,1064,1
2015-03-08,"week_2",0,"Sunday","11",0.8,11.41,3420,50,0,0,0,58,0.800034503,313,1
2015-03-08,"week_2",1,"Sunday","11",0.8,2.9,960,0,0,0,0,8,0.755208333,0,0
2015-03-08,"week_2",0,"Sunday","9",0.75,18.79,5640,45,0,0,0,52,0.750371895,1239,1
2015-03-08,"week_2",0,"Sunday","10",0.7,21.82,6000,30,0,0,0,50,0.700422,1335,1
2015-03-08,"week_2",0,"Sunday","2",0.7,16.1,4800,30,0,0,1,45,0.700106061,928,1
2015-03-08,"week_2",0,"Sunday","6",0.6,23.41,2520,23,0,0,1,38,0.601037091,1266,1
2015-03-08,"week_2",0,"Sunday","8",0.6,30.48,6720,0,0,0,1,56,0.600528571,869,1
2015-03-08,"week_2",0,"Sunday","5",0.5,26.82,7080,23,0,0,1,59,0.500033898,711,1
2015-03-08,"week_2",1,"Sunday","8",0.6,3.9,960,0,0,0,0,8,0.4509375,0,0
2015-03-08,"week_2",1,"Sunday","10",0.7,2.9,960,0,0,0,0,8,0.441041667,0,0
2015-03-08,"week_2",1,"Sunday","6",0.6,2.9,960,0,0,0,0,8,0.271875,0,0
2015-03-09,"week_2",1,"Monday","11",0.8,2.9,0,960,0,0,0,8,0.960625,0,1
2015-03-09,"week_2",1,"Monday","12",0.8,4.6,0,1080,0,0,0,9,0.902962963,0,1
2015-03-09,"week_2",1,"Monday","5",0.6,3.94,0,2880,0,0,0,12,0.864342593,0,1
2015-03-09,"week_2",0,"Monday","4",0.75,26.82,7020,65,0,0,0,58,0.850446154,1079,1
2015-03-09,"week_2",0,"Monday","1",0.75,26.82,7140,65,0,0,0,59,0.850426891,1322,1
2015-03-09,"week_2",1,"Monday","9",0.75,2.9,0,3600,0,0,0,15,0.841,0,1
2015-03-09,"week_2",0,"Monday","3",0.8,30.1,5160,50,0,0,1,58,0.800842424,964,1
2015-03-09,"week_2",0,"Monday","12",0.8,15.26,4080,63,0,0,0,34,0.800401961,1132,1
2015-03-09,"week_2",0,"Monday","11",0.8,11.41,3420,50,0,0,0,58,0.800034503,357,1
2015-03-09,"week_2",1,"Monday","3",0.8,4.6,0,1440,0,0,0,12,0.795416667,0,1
2015-03-09,"week_2",1,"Monday","4",0.75,3.94,0,960,0,0,0,8,0.7953875,0,1
2015-03-09,"week_2",1,"Monday","1",0.75,3.94,0,960,0,0,0,8,0.794566667,0,1
2015-03-09,"week_2",0,"Monday","9",0.75,18.79,6240,45,0,0,0,52,0.750395513,1193,1
2015-03-09,"week_2",0,"Monday","2",0.7,16.1,5520,30,0,0,1,45,0.700516224,817,1
2015-03-09,"week_2",0,"Monday","10",0.7,21.82,6000,30,0,0,0,50,0.700422,1576,1
2015-03-09,"week_2",1,"Monday","2",0.7,3.9,0,1200,0,0,0,10,0.6825,0,0
2015-03-09,"week_2",0,"Monday","6",0.65,23.41,4560,35,0,0,1,38,0.650962281,1262,1
2015-03-09,"week_2",0,"Monday","8",0.65,30.48,6720,26,0,0,1,56,0.650421429,953,1
2015-03-09,"week_2",0,"Monday","5",0.6,26.82,7080,23,0,0,1,59,0.600040678,919,1
2015-03-09,"week_2",0,"Monday","7",0.5,30.48,6600,0,0,0,1,55,0.500610909,1161,1
2015-03-09,"week_2",1,"Monday","10",0.7,2.9,0,960,0,0,0,8,0.477291667,0,0
2015-03-09,"week_2",1,"Monday","8",0.65,3.9,0,960,0,0,0,8,0.2640625,0,0
2015-03-10,"week_2",1,"Tuesday","12",0.8,4.6,1080,0,0,0,0,9,0.92,0,1
2015-03-10,"week_2",1,"Tuesday","5",0.6,3.94,1440,0,0,0,0,12,0.909391667,0,1
2015-03-10,"week_2",0,"Tuesday","1",0.75,26.82,7080,75,0,0,0,59,0.900061017,1574,1
2015-03-10,"week_2",1,"Tuesday","3",0.8,4.6,1440,0,0,0,0,12,0.894444444,0,1
2015-03-10,"week_2",1,"Tuesday","4",0.75,3.94,960,0,0,0,0,8,0.881575,0,1
2015-03-10,"week_2",1,"Tuesday","1",0.75,3.94,960,0,0,0,0,8,0.880754167,0,1
2015-03-10,"week_2",0,"Tuesday","4",0.75,26.82,5880,65,0,0,0,59,0.850084211,1104,1
2015-03-10,"week_2",1,"Tuesday","9",0.75,2.9,1800,0,0,0,0,15,0.821666667,0,1
2015-03-10,"week_2",0,"Tuesday","12",0.8,15.26,4080,63,0,0,0,34,0.800401961,1069,1
2015-03-10,"week_2",0,"Tuesday","3",0.8,30.1,6960,63,0,0,1,58,0.800071839,756,1
2015-03-10,"week_2",0,"Tuesday","11",0.8,11.41,3420,50,0,0,0,58,0.800034503,338,1
2015-03-10,"week_2",1,"Tuesday","11",0.8,2.9,960,0,0,0,0,8,0.758229167,0,0
2015-03-10,"week_2",0,"Tuesday","10",0.75,21.82,6000,34,0,0,0,50,0.750608,1499,1
2015-03-10,"week_2",0,"Tuesday","9",0.75,18.79,6240,45,0,0,0,52,0.750395513,1247,1
2015-03-10,"week_2",1,"Tuesday","2",0.7,3.9,960,0,0,0,0,8,0.741,0,1
2015-03-10,"week_2",0,"Tuesday","8",0.7,30.48,6840,30,0,0,1,57,0.700505263,923,1
2015-03-10,"week_2",0,"Tuesday","6",0.7,23.41,4560,30,0,0,1,38,0.700246491,1180,1
2015-03-10,"week_2",0,"Tuesday","2",0.7,16.1,5400,40,0,0,1,45,0.700051852,957,1
2015-03-10,"week_2",0,"Tuesday","5",0.65,26.82,7080,26,0,0,1,59,0.650044068,1001,1
2015-03-10,"week_2",0,"Tuesday","7",0.6,30.48,6840,25,0,0,1,57,0.630402924,1017,1
2015-03-10,"week_2",1,"Tuesday","8",0.65,3.9,960,0,0,0,0,8,0.560625,0,0
2015-03-10,"week_2",1,"Tuesday","7",0.5,3.9,960,0,0,0,0,8,0.560625,0,1
2015-03-10,"week_2",1,"Tuesday","10",0.7,2.9,960,0,0,0,0,8,0.39875,0,0
2015-03-11,"week_2",1,"Wednesday","12",0.8,4.6,2160,0,0,0,0,9,0.922839506,0,1
2015-03-11,"week_2",1,"Wednesday","11",0.8,2.9,2400,0,0,0,0,10,0.874027778,0,1
2015-03-11,"week_2",1,"Wednesday","2",0.75,3.9,1920,0,0,0,0,8,0.819270833,0,1
2015-03-11,"week_2",1,"Wednesday","4",0.75,3.94,1920,0,0,0,0,8,0.813309028,0,1
2015-03-11,"week_2",1,"Wednesday","1",0.75,3.94,1920,0,0,0,0,8,0.812625,0,1
2015-03-11,"week_2",0,"Wednesday","12",0.8,15.26,4080,63,0,0,0,34,0.800401961,470,1
2015-03-11,"week_2",0,"Wednesday","3",0.8,30.1,6960,63,0,0,1,58,0.800071839,735,1
2015-03-11,"week_2",0,"Wednesday","11",0.8,11.41,3420,50,0,0,0,58,0.800034503,560,1
2015-03-11,"week_2",1,"Wednesday","3",0.8,4.6,1920,0,0,0,0,8,0.786631944,0,0
2015-03-11,"week_2",1,"Wednesday","5",0.7,3.94,1440,0,0,0,0,12,0.75885,0,1
2015-03-11,"week_2",0,"Wednesday","10",0.75,21.82,6000,34,0,0,0,50,0.750608,1674,1
2015-03-11,"week_2",0,"Wednesday","9",0.75,18.79,5040,45,0,0,0,52,0.750347333,290,1
2015-03-11,"week_2",0,"Wednesday","2",0.75,16.1,5400,45,0,0,1,45,0.750140741,971,1
2015-03-11,"week_2",0,"Wednesday","1",0.75,26.82,7080,45,0,0,0,59,0.750050847,1322,1
2015-03-11,"week_2",0,"Wednesday","4",0.75,26.82,7080,45,0,0,0,59,0.750050847,1054,1
2015-03-11,"week_2",0,"Wednesday","5",0.7,26.82,6960,30,0,0,1,58,0.700556897,992,1
2015-03-11,"week_2",0,"Wednesday","8",0.7,30.48,6840,30,0,0,1,57,0.700505263,914,1
2015-03-11,"week_2",0,"Wednesday","6",0.7,23.41,4560,40,0,0,1,38,0.700246491,1128,1
2015-03-11,"week_2",0,"Wednesday","7",0.65,30.48,6840,26,0,0,1,57,0.650596491,935,1
2015-03-11,"week_2",1,"Wednesday","10",0.75,2.9,960,0,0,0,0,8,0.628333333,0,0
2015-03-11,"week_2",1,"Wednesday","8",0.7,3.9,960,0,0,0,0,8,0.625625,0,0
2015-03-11,"week_2",1,"Wednesday","7",0.65,3.9,960,0,0,0,0,8,0.625625,0,0
2015-03-11,"week_2",1,"Wednesday","9",0.75,2.9,1800,0,0,0,0,15,0.505888889,0,0
2015-03-11,"week_2",1,"Wednesday","6",0.7,2.9,720,0,0,0,0,6,0.394722222,0,0
