"week_in_monthweek_2","week_in_monthweek_3","week_in_monthweek_4","department","daySaturday","daySunday","dayThursday","dayTuesday","dayWednesday","team2","team3","team4","team5","team6","team7","team8","team9","team10","team11","team12","targeted_productivity","smv","over_time","incentive","no_of_style_change","no_of_workers","wip_sewing","y"
0,0,0,0,0,0,1,0,0,0,0,0,0,0,0,1,0,0,0,0,0.8,26.16,7080,98,0,59,1108,1
0,0,0,1,0,0,1,0,0,0,0,0,0,0,0,0,0,0,0,0,0.75,3.94,960,0,0,8,0,1
0,0,0,0,0,0,1,0,0,0,0,0,0,0,0,0,0,0,1,0,0.8,11.41,3660,50,0,31,968,1
0,0,0,0,0,0,1,0,0,0,0,0,0,0,0,0,0,0,0,1,0.8,11.41,3660,50,0,31,968,1
0,0,0,0,0,0,1,0,0,0,0,0,0,1,0,0,0,0,0,0,0.8,25.9,1920,50,0,56,1170,1
0,0,0,0,0,0,1,0,0,0,0,0,0,0,1,0,0,0,0,0,0.8,25.9,6720,38,0,56,984,1
0,0,0,1,0,0,1,0,0,1,0,0,0,0,0,0,0,0,0,0,0.75,3.94,960,0,0,8,0,1
0,0,0,0,0,0,1,0,0,0,1,0,0,0,0,0,0,0,0,0,0.75,28.08,6900,45,0,58,795,1
0,0,0,0,0,0,1,0,0,1,0,0,0,0,0,0,0,0,0,0,0.75,19.87,6000,34,0,55,733,1
0,0,0,0,0,0,1,0,0,0,0,0,0,0,0,0,0,0,0,0,0.75,28.08,6900,45,0,58,681,1
0,0,0,0,0,0,1,0,0,0,0,0,0,0,0,0,1,0,0,0,0.7,28.08,6900,44,0,58,872,1
0,0,0,0,0,0,1,0,0,0,0,0,0,0,0,0,0,1,0,0,0.75,19.31,6480,45,0,54,578,0
0,0,0,0,0,0,1,0,0,0,0,0,1,0,0,0,0,0,0,0,0.8,11.41,3660,50,0,31,668,0
0,0,0,1,0,0,1,0,0,0,0,0,0,0,0,0,0,1,0,0,0.65,3.94,960,0,0,8,0,1
0,0,0,1,0,0,1,0,0,0,0,0,0,0,0,1,0,0,0,0,0.75,2.9,960,0,0,8,0,0
0,0,0,1,0,0,1,0,0,0,0,1,0,0,0,0,0,0,0,0,0.75,3.94,2160,0,0,18,0,0
0,0,0,1,0,0,1,0,0,0,0,0,0,0,1,0,0,0,0,0,0.8,2.9,960,0,0,8,0,0
0,0,0,0,0,0,1,0,0,0,0,1,0,0,0,0,0,0,0,0,0.65,23.69,7200,0,0,60,861,0
0,0,0,1,0,0,1,0,0,0,0,0,0,0,0,0,0,0,1,0,0.7,4.15,1440,0,0,12,0,0
0,0,0,1,1,0,0,0,0,0,0,1,0,0,0,0,0,0,0,0,0.8,4.15,6600,0,0,20,0,1
0,0,0,1,1,0,0,0,0,0,0,0,0,0,0,0,0,0,1,0,0.75,2.9,5640,0,0,17,0,1
0,0,0,1,1,0,0,0,0,0,0,0,0,0,0,0,1,0,0,0,0.8,4.15,960,0,0,8,0,1
0,0,0,1,1,0,0,0,0,0,1,0,0,0,0,0,0,0,0,0,0.75,3.94,1560,0,0,8,0,1
0,0,0,1,1,0,0,0,0,0,0,0,0,0,0,0,0,0,0,0,0.8,3.94,960,0,0,8,0,1
0,0,0,0,1,0,0,0,0,0,0,0,0,0,0,0,0,0,0,0,0.8,28.08,6300,50,0,57,772,1
0,0,0,0,1,0,0,0,0,0,1,0,0,0,0,0,0,0,0,0,0.8,28.08,6540,50,0,55,913,1
0,0,0,0,1,0,0,0,0,0,0,0,0,0,0,1,0,0,0,0,0.8,26.16,7080,50,0,59,1261,1
0,0,0,0,1,0,0,0,0,0,0,0,0,0,0,0,0,0,0,1,0.8,26.16,7080,63,0,59,844,1
0,0,0,0,1,0,0,0,0,0,0,0,0,0,0,0,0,0,1,0,0.8,11.61,7080,50,0,30,1005,1
0,0,0,0,1,0,0,0,0,0,0,0,1,0,0,0,0,0,0,0,0.8,11.61,7080,50,0,32,659,1
0,0,0,0,1,0,0,0,0,0,0,0,0,1,0,0,0,0,0,0,0.8,25.9,6720,50,0,56,1152,1
0,0,0,0,1,0,0,0,0,0,0,0,0,0,1,0,0,0,0,0,0.8,25.9,6720,38,0,56,1138,1
0,0,0,0,1,0,0,0,0,0,0,0,0,0,0,0,0,1,0,0,0.75,19.31,6480,56,0,54,610,1
0,0,0,1,1,0,0,0,0,1,0,0,0,0,0,0,0,0,0,0,0.8,4.15,960,0,0,8,0,0
0,0,0,0,1,0,0,0,0,1,0,0,0,0,0,0,0,0,0,0,0.75,19.87,6600,45,0,55,944,1
0,0,0,1,1,0,0,0,0,0,0,0,0,0,0,0,0,1,0,0,0.7,4.15,960,0,0,8,0,1
0,0,0,0,1,0,0,0,0,0,0,1,0,0,0,0,0,0,0,0,0.7,23.69,13800,0,0,60,544,1
0,0,0,0,1,0,0,0,0,0,0,0,0,0,0,0,1,0,0,0,0.7,28.08,6900,40,0,58,1072,1
0,0,0,1,1,0,0,0,0,0,0,0,0,0,0,1,0,0,0,0,0.8,2.9,960,0,0,8,0,0
0,0,0,1,1,0,0,0,0,0,0,0,0,0,1,0,0,0,0,0,0.8,3.94,960,0,0,8,0,0
0,0,0,1,0,1,0,0,0,0,1,0,0,0,0,0,0,0,0,0,0.75,4.15,1560,0,0,8,0,1
0,0,0,1,0,1,0,0,0,0,0,0,0,0,0,0,1,0,0,0,0.8,3.94,960,0,0,8,0,1
0,0,0,1,0,1,0,0,0,0,0,0,0,0,0,0,0,0,0,0,0.8,3.94,960,0,0,8,0,1
0,0,0,0,0,1,0,0,0,0,0,0,0,1,0,0,0,0,0,0,0.8,11.61,6975,50,0,31,539,1
0,0,0,1,0,1,0,0,0,0,0,1,0,0,0,0,0,0,0,0,0.8,3.94,6600,0,0,20,0,1
0,0,0,0,0,1,0,0,0,0,0,0,0,0,0,0,1,0,0,0,0.8,26.16,7080,60,0,59,1278,1
0,0,0,0,0,1,0,0,0,0,0,0,0,0,1,0,0,0,0,0,0.8,25.9,7020,60,0,57,1227,1
0,0,0,0,0,1,0,0,0,0,0,0,0,0,0,1,0,0,0,0,0.8,25.9,6780,45,0,57,1039,1
0,0,0,0,0,1,0,0,0,0,0,1,0,0,0,0,0,0,0,0,0.8,28.08,4260,50,0,56,878,1
0,0,0,0,0,1,0,0,0,0,0,0,0,0,0,0,0,0,0,0,0.8,26.16,7080,63,0,59,1033,1
0,0,0,0,0,1,0,0,0,1,0,0,0,0,0,0,0,0,0,0,0.8,28.08,6660,50,0,56,782,1
0,0,0,0,0,1,0,0,0,0,0,0,0,0,0,0,0,0,0,1,0.8,11.61,6975,50,0,31,1216,1
0,0,0,1,0,1,0,0,0,1,0,0,0,0,0,0,0,0,0,0,0.8,3.94,960,0,0,8,0,0
0,0,0,1,0,1,0,0,0,0,0,0,0,0,0,0,0,1,0,0,0.7,3.94,4320,0,0,18,0,1
0,0,0,0,0,1,0,0,0,0,0,0,0,0,0,0,0,0,1,0,0.75,19.31,6480,45,0,54,513,1
0,0,0,0,0,1,0,0,0,0,1,0,0,0,0,0,0,0,0,0,0.75,19.87,6600,45,0,55,734,1
0,0,0,0,0,1,0,0,0,0,0,0,0,0,0,0,0,1,0,0,0.7,28.08,6900,40,0,58,1202,1
0,0,0,1,0,1,0,0,0,0,0,0,0,0,0,1,0,0,0,0,0.8,2.9,960,0,0,8,0,0
0,0,0,1,0,1,0,0,0,0,0,0,0,0,1,0,0,0,0,0,0.8,2.9,960,0,0,8,0,0
0,0,0,0,0,1,0,0,0,0,0,0,1,0,0,0,0,0,0,0,0.7,45.67,6960,26,0,58,884,0
0,0,0,1,0,1,0,0,0,0,0,0,0,0,0,0,0,0,1,0,0.75,4.15,960,0,0,8,0,0
0,0,0,1,0,0,0,0,0,0,0,0,0,0,0,0,0,0,0,0,0.8,3.94,1920,0,0,8,0,1
0,0,0,1,0,0,0,0,0,0,0,0,0,0,0,0,0,0,1,0,0.8,3.94,2400,0,0,10,0,1
0,0,0,1,0,0,0,0,0,0,0,1,0,0,0,0,0,0,0,0,0.8,3.94,3840,0,0,16,0,1
0,0,0,1,0,0,0,0,0,0,1,0,0,0,0,0,0,0,0,0,0.75,4.15,1920,0,0,8,0,1
0,0,0,0,0,0,0,0,0,0,0,0,0,0,0,0,1,0,0,0,0.8,26.16,7080,75,0,59,1227,1
0,0,0,1,0,0,0,0,0,0,0,0,0,0,0,0,1,0,0,0,0.8,2.9,1920,0,0,8,0,1
0,0,0,1,0,0,0,0,0,1,0,0,0,0,0,0,0,0,0,0,0.8,3.94,960,0,0,8,0,1
0,0,0,0,0,0,0,0,0,0,0,0,0,0,1,0,0,0,0,0,0.8,25.9,6780,50,0,57,1255,1
0,0,0,0,0,0,0,0,0,0,0,0,0,0,0,1,0,0,0,0,0.8,25.9,6780,38,0,57,1047,1
0,0,0,0,0,0,0,0,0,0,0,0,0,0,0,0,0,0,0,0,0.8,26.16,7080,63,0,59,1138,1
0,0,0,0,0,0,0,0,0,0,0,0,0,0,0,0,0,0,1,0,0.8,19.31,4800,50,0,55,678,1
0,0,0,0,0,0,0,0,0,0,0,0,0,1,0,0,0,0,0,0,0.8,11.61,7200,50,0,32,712,1
0,0,0,0,0,0,0,0,0,0,0,0,0,0,0,0,0,0,0,1,0.8,11.61,7200,50,0,32,1037,1
0,0,0,0,0,0,0,0,0,1,0,0,0,0,0,0,0,0,0,0,0.8,28.08,6900,50,0,58,757,1
0,0,0,0,0,0,0,0,0,0,0,1,0,0,0,0,0,0,0,0,0.8,28.08,6900,50,0,58,759,1
0,0,0,1,0,0,0,0,0,0,0,0,0,0,0,0,0,1,0,0,0.75,2.9,960,0,0,8,0,1
0,0,0,1,0,0,0,0,0,0,0,0,1,0,0,0,0,0,0,0,0.6,2.9,960,0,0,8,0,1
0,0,0,0,0,0,0,0,0,0,0,0,0,0,0,0,0,1,0,0,0.75,28.08,7020,45,0,59,1083,1
0,0,0,0,0,0,0,0,0,0,1,0,0,0,0,0,0,0,0,0,0.75,19.87,6600,45,0,55,944,1
0,0,0,1,0,0,0,0,0,0,0,0,0,0,1,0,0,0,0,0,0.8,3.94,960,0,0,8,0,0
0,0,0,1,0,0,0,0,0,0,0,0,0,0,0,1,0,0,0,0,0.8,2.9,960,0,0,8,0,0
0,0,0,0,0,0,0,0,0,0,0,0,1,0,0,0,0,0,0,0,0.6,21.98,6960,23,0,58,666,1
0,0,0,1,0,0,0,1,0,0,0,1,0,0,0,0,0,0,0,0,0.8,3.94,4440,0,0,18,0,1
0,0,0,1,0,0,0,1,0,0,0,0,0,0,0,0,0,0,0,0,0.8,3.94,1440,0,0,8,0,1
0,0,0,1,0,0,0,1,0,0,1,0,0,0,0,0,0,0,0,0,0.75,4.15,1800,0,0,10,0,1
0,0,0,1,0,0,0,1,0,0,0,0,0,0,0,0,0,0,1,0,0.8,4.15,2700,0,0,15,0,1
0,0,0,1,0,0,0,1,0,0,0,0,0,0,0,0,1,0,0,0,0.8,3.94,1440,0,0,8,0,1
0,0,0,0,0,0,0,1,0,0,0,0,0,0,0,0,0,0,0,0,0.8,26.16,10620,75,0,59,1187,1
0,0,0,0,0,0,0,1,0,0,0,0,0,0,0,0,1,0,0,0,0.8,26.16,10620,75,0,59,1305,1
0,0,0,1,0,0,0,1,0,0,0,0,0,0,0,0,0,1,0,0,0.75,3.94,1440,0,0,8,0,1
0,0,0,1,0,0,0,1,0,1,0,0,0,0,0,0,0,0,0,0,0.8,3.94,1440,0,0,8,0,1
0,0,0,0,0,0,0,1,0,1,0,0,0,0,0,0,0,0,0,0,0.8,28.08,10350,50,0,58,716,1
0,0,0,0,0,0,0,1,0,0,0,1,0,0,0,0,0,0,0,0,0.8,28.08,10350,50,0,58,925,1
0,0,0,0,0,0,0,1,0,0,1,0,0,0,0,0,0,0,0,0,0.8,19.87,9900,50,0,55,963,1
0,0,0,0,0,0,0,1,0,0,0,0,0,0,0,0,0,0,0,1,0.8,11.61,5310,50,0,32,1101,1
0,0,0,0,0,0,0,1,0,0,0,0,0,0,1,0,0,0,0,0,0.8,25.9,10170,38,0,57,1035,1
0,0,0,0,0,0,0,1,0,0,0,0,0,0,0,1,0,0,0,0,0.8,25.9,10170,38,0,57,1083,1
0,0,0,0,0,0,0,1,0,0,0,0,0,1,0,0,0,0,0,0,0.8,11.61,4470,38,0,32,910,1
0,0,0,0,0,0,0,1,0,0,0,0,0,0,0,0,0,1,0,0,0.75,28.08,10530,45,0,59,1209,1
0,0,0,0,0,0,0,1,0,0,0,0,0,0,0,0,0,0,1,0,0.75,19.31,9900,45,0,55,590,1
0,0,0,1,0,0,0,1,0,0,0,0,0,0,0,1,0,0,0,0,0.8,2.9,1440,0,0,8,0,0
0,0,0,0,0,0,0,1,0,0,0,0,1,0,0,0,0,0,0,0,0.65,21.98,10440,35,0,58,808,1
0,0,0,1,0,0,0,1,0,0,0,0,0,0,1,0,0,0,0,0,0.8,2.9,1440,0,0,8,0,0
0,0,0,1,0,0,0,0,1,0,0,0,0,0,0,0,0,0,0,0,0.8,3.94,1440,0,0,8,0,1
0,0,0,1,0,0,0,0,1,0,0,0,0,0,0,0,1,0,0,0,0.8,3.94,1440,0,0,8,0,1
0,0,0,0,0,0,0,0,1,0,0,0,0,0,0,0,0,0,0,0,0.8,26.16,10620,75,0,59,1179,1
0,0,0,0,0,0,0,0,1,0,0,0,0,0,0,0,1,0,0,0,0.8,26.16,10620,75,0,59,1324,1
0,0,0,0,0,0,0,0,1,0,0,0,0,0,0,1,0,0,0,0,0.8,25.9,10170,60,0,57,1135,1
0,0,0,1,0,0,0,0,1,0,1,0,0,0,0,0,0,0,0,0,0.75,4.15,2700,0,0,15,0,1
0,0,0,1,0,0,0,0,1,0,0,1,0,0,0,0,0,0,0,0,0.8,3.94,4440,0,0,18,0,1
0,0,0,1,0,0,0,0,1,1,0,0,0,0,0,0,0,0,0,0,0.8,3.94,1440,0,0,8,0,1
0,0,0,1,0,0,0,0,1,0,0,0,0,0,0,0,0,1,0,0,0.75,3.94,1440,0,0,8,0,1
0,0,0,1,0,0,0,0,1,0,0,0,0,0,1,0,0,0,0,0,0.8,2.9,1440,0,0,8,0,1
0,0,0,0,0,0,0,0,1,1,0,0,0,0,0,0,0,0,0,0,0.8,28.08,10350,63,0,58,776,1
0,0,0,0,0,0,0,0,1,0,0,1,0,0,0,0,0,0,0,0,0.8,28.08,10350,50,0,58,990,1
0,0,0,0,0,0,0,0,1,0,0,0,0,1,0,0,0,0,0,0,0.8,11.41,5490,50,0,31,986,1
0,0,0,0,0,0,0,0,1,0,1,0,0,0,0,0,0,0,0,0,0.8,19.87,9900,50,0,55,924,1
0,0,0,0,0,0,0,0,1,0,0,0,0,0,0,0,0,0,0,1,0.8,11.61,5670,50,0,32,1120,1
0,0,0,0,0,0,0,0,1,0,0,0,0,0,1,0,0,0,0,0,0.8,25.9,10170,50,0,57,1066,1
0,0,0,0,0,0,0,0,1,0,0,0,0,0,0,0,0,1,0,0,0.75,28.08,10530,69,0,59,1144,1
0,0,0,0,0,0,0,0,1,0,0,0,1,0,0,0,0,0,0,0,0.7,21.98,9720,40,0,58,413,1
0,0,0,1,0,0,0,0,1,0,0,0,0,0,0,1,0,0,0,0,0.8,2.9,1440,0,0,8,0,0
0,0,0,1,0,0,0,0,1,0,0,0,0,1,0,0,0,0,0,0,0.8,2.9,1800,0,0,10,0,0
0,0,0,0,0,0,0,0,1,0,0,0,0,0,0,0,0,0,1,0,0.8,31.83,9900,40,0,55,568,0
0,0,0,1,0,0,0,0,1,0,0,0,1,0,0,0,0,0,0,0,0.7,4.15,1440,0,0,8,0,0
1,0,0,1,0,0,1,0,0,0,0,0,0,0,0,0,0,0,0,0,0.8,3.94,1440,0,0,8,0,1
1,0,0,1,0,0,1,0,0,0,0,1,0,0,0,0,0,0,0,0,0.8,3.94,12600,0,0,20,0,1
1,0,0,0,0,0,1,0,0,0,0,0,0,0,0,0,1,0,0,0,0.8,26.16,10620,88,0,59,1216,1
1,0,0,1,0,0,1,0,0,0,0,0,0,0,0,0,1,0,0,0,0.8,3.94,1440,0,0,8,0,1
1,0,0,0,0,0,1,0,0,0,0,0,0,0,0,0,0,0,0,0,0.8,26.16,10620,75,0,59,1189,1
1,0,0,0,0,0,1,0,0,0,0,1,0,0,0,0,0,0,0,0,0.8,28.08,10530,75,0,59,942,1
1,0,0,0,0,0,1,0,0,0,0,0,0,0,1,0,0,0,0,0,0.8,25.9,10170,60,0,57,1050,1
1,0,0,0,0,0,1,0,0,0,0,0,0,0,0,1,0,0,0,0,0.8,25.9,10170,60,0,57,1026,1
1,0,0,1,0,0,1,0,0,1,0,0,0,0,0,0,0,0,0,0,0.8,3.94,1440,0,0,8,0,1
1,0,0,1,0,0,1,0,0,0,0,0,1,0,0,0,0,0,0,0,0.7,4.15,3840,0,0,8,0,1
1,0,0,0,0,0,1,0,0,1,0,0,0,0,0,0,0,0,0,0,0.8,28.08,10050,63,0,59,783,1
1,0,0,0,0,0,1,0,0,0,1,0,0,0,0,0,0,0,0,0,0.8,19.87,9900,50,0,55,857,1
1,0,0,0,0,0,1,0,0,0,0,0,0,0,0,0,0,0,0,1,0.8,11.61,15120,63,0,32,548,1
1,0,0,0,0,0,1,0,0,0,0,0,0,1,0,0,0,0,0,0,0.8,11.41,14640,50,0,31,411,1
1,0,0,0,0,0,1,0,0,0,0,0,0,0,0,0,0,1,0,0,0.75,28.08,10530,69,0,59,1066,1
1,0,0,1,0,0,1,0,0,0,0,0,0,0,0,0,0,1,0,0,0.75,3.94,1440,0,0,8,0,1
1,0,0,1,0,0,1,0,0,0,0,0,0,0,0,1,0,0,0,0,0.8,2.9,1440,0,0,8,0,0
1,0,0,1,0,0,1,0,0,0,1,0,0,0,0,0,0,0,0,0,0.75,4.15,2160,0,0,12,0,0
1,0,0,1,0,0,1,0,0,0,0,0,0,0,1,0,0,0,0,0,0.8,2.9,1440,0,0,8,0,0
1,0,0,1,0,0,1,0,0,0,0,0,0,0,0,0,0,0,1,0,0.8,4.15,900,0,0,5,0,0
1,0,0,0,0,0,1,0,0,0,0,0,0,0,0,0,0,0,1,0,0.35,12.52,25920,38,0,54,287,1
1,0,0,0,0,0,1,0,0,0,0,0,1,0,0,0,0,0,0,0,0.7,42.41,10260,0,0,57,724,0
1,0,0,1,1,0,0,0,0,0,0,0,0,0,0,0,0,0,0,0,0.8,3.94,2160,0,0,8,0,1
1,0,0,1,1,0,0,0,0,0,1,0,0,0,0,0,0,0,0,0,0.75,4.15,2760,0,0,12,0,1
1,0,0,1,1,0,0,0,0,0,0,1,0,0,0,0,0,0,0,0,0.8,3.94,6000,0,0,20,0,1
1,0,0,1,1,0,0,0,0,0,0,0,0,0,0,0,1,0,0,0,0.8,3.94,1440,0,0,8,0,1
1,0,0,0,1,0,0,0,0,0,0,0,0,0,0,0,1,0,0,0,0.8,26.16,10620,75,0,59,1122,1
1,0,0,0,1,0,0,0,0,0,0,0,0,0,1,0,0,0,0,0,0.8,25.9,10170,60,0,57,970,1
1,0,0,0,1,0,0,0,0,0,0,0,0,0,0,1,0,0,0,0,0.8,25.9,10170,60,0,57,1158,1
1,0,0,1,1,0,0,0,0,0,0,0,0,0,0,0,0,1,0,0,0.8,3.94,1440,0,0,8,0,1
1,0,0,1,1,0,0,0,0,0,0,0,0,0,0,0,0,0,1,0,0.8,4.15,1440,0,0,8,0,1
1,0,0,1,1,0,0,0,0,1,0,0,0,0,0,0,0,0,0,0,0.8,3.94,1440,0,0,8,0,1
1,0,0,0,1,0,0,0,0,0,0,1,0,0,0,0,0,0,0,0,0.8,28.08,10440,63,0,58,660,1
1,0,0,0,1,0,0,0,0,1,0,0,0,0,0,0,0,0,0,0,0.8,28.08,10350,63,0,58,749,1
1,0,0,0,1,0,0,0,0,0,0,0,0,0,0,0,0,0,0,1,0.8,11.61,4710,50,0,32,893,1
1,0,0,0,1,0,0,0,0,0,0,0,0,1,0,0,0,0,0,0,0.8,11.41,5490,50,0,31,887,1
1,0,0,0,1,0,0,0,0,0,0,0,0,0,0,0,0,0,0,0,0.8,26.16,10620,63,0,59,1335,1
1,0,0,0,1,0,0,0,0,0,0,0,0,0,0,0,0,1,0,0,0.8,28.08,10530,63,0,59,1082,1
1,0,0,0,1,0,0,0,0,0,1,0,0,0,0,0,0,0,0,0,0.75,19.87,7080,45,0,56,1075,1
1,0,0,0,1,0,0,0,0,0,0,0,0,0,0,0,0,0,1,0,0.5,12.52,9540,38,0,53,749,1
1,0,0,1,1,0,0,0,0,0,0,0,0,0,1,0,0,0,0,0,0.8,2.9,1440,0,0,8,0,0
1,0,0,1,1,0,0,0,0,0,0,0,0,0,0,1,0,0,0,0,0.8,2.9,1440,0,0,8,0,0
1,0,0,0,1,0,0,0,0,0,0,0,1,0,0,0,0,0,0,0,0.5,20.79,7680,0,0,56,966,0
1,0,0,1,1,0,0,0,0,0,0,0,1,0,0,0,0,0,0,0,0.5,4.15,1440,0,0,8,0,0
1,0,0,1,0,1,0,0,0,0,1,0,0,0,0,0,0,0,0,0,0.75,4.15,1440,0,0,8,0,1
1,0,0,1,0,1,0,0,0,0,0,1,0,0,0,0,0,0,0,0,0.8,3.94,3600,0,0,20,0,1
1,0,0,0,0,1,0,0,0,0,0,0,0,0,0,0,1,0,0,0,0.8,26.16,10620,88,0,59,1095,1
1,0,0,1,0,1,0,0,0,0,0,0,0,0,0,0,0,0,0,0,0.8,3.94,1440,0,0,8,0,1
1,0,0,1,0,1,0,0,0,0,0,0,0,0,0,0,1,0,0,0,0.8,3.94,1440,0,0,8,0,1
1,0,0,0,0,1,0,0,0,0,0,0,0,0,0,0,0,0,0,0,0.8,26.16,10620,75,0,59,1383,1
1,0,0,0,0,1,0,0,0,0,0,0,0,0,1,0,0,0,0,0,0.8,25.9,10170,45,0,57,1012,1
1,0,0,0,0,1,0,0,0,0,0,0,0,0,0,1,0,0,0,0,0.8,25.9,10170,60,0,57,1209,1
1,0,0,1,0,1,0,0,0,0,0,0,0,0,0,0,0,1,0,0,0.8,3.94,1440,0,0,8,0,1
1,0,0,1,0,1,0,0,0,1,0,0,0,0,0,0,0,0,0,0,0.8,3.94,1440,0,0,8,0,1
1,0,0,0,0,1,0,0,0,0,0,0,0,1,0,0,0,0,0,0,0.8,11.41,5490,50,0,31,887,1
1,0,0,0,0,1,0,0,0,0,0,0,0,0,0,0,0,0,0,1,0.8,11.61,5670,50,0,32,896,1
1,0,0,0,0,1,0,0,0,1,0,0,0,0,0,0,0,0,0,0,0.8,28.08,10530,63,0,59,805,1
1,0,0,0,0,1,0,0,0,0,0,0,0,0,0,0,0,1,0,0,0.8,28.08,10530,38,0,59,762,1
1,0,0,0,0,1,0,0,0,0,1,0,0,0,0,0,0,0,0,0,0.8,19.87,6420,0,0,55,1043,0
1,0,0,1,0,1,0,0,0,0,0,0,0,0,0,0,0,0,1,0,0.8,4.15,1440,0,0,8,0,0
1,0,0,1,0,1,0,0,0,0,0,0,0,0,0,1,0,0,0,0,0.8,2.9,1440,0,0,8,0,0
1,0,0,1,0,1,0,0,0,0,0,0,1,0,0,0,0,0,0,0,0.5,4.15,1440,0,0,8,0,1
1,0,0,0,0,1,0,0,0,0,0,0,0,0,0,0,0,0,1,0,0.6,12.52,9540,30,0,53,831,1
1,0,0,1,0,1,0,0,0,0,0,0,0,1,0,0,0,0,0,0,0.8,2.9,1440,0,0,8,0,0
1,0,0,1,0,1,0,0,0,0,0,0,0,0,1,0,0,0,0,0,0.8,2.9,1440,0,0,8,0,0
1,0,0,0,0,1,0,0,0,0,0,1,0,0,0,0,0,0,0,0,0.8,50.48,10440,0,0,58,562,0
1,0,0,0,0,1,0,0,0,0,0,0,1,0,0,0,0,0,0,0,0.6,20.79,7980,0,0,57,1208,0
1,0,0,1,0,0,0,0,0,0,0,0,0,0,0,0,0,0,0,0,0.8,3.94,1440,0,0,8,0,1
1,0,0,1,0,0,0,0,0,0,0,1,0,0,0,0,0,0,0,0,0.35,4.3,3240,0,0,18,0,1
1,0,0,1,0,0,0,0,0,0,1,0,0,0,0,0,0,0,0,0,0.8,4.15,1800,0,0,10,0,1
1,0,0,1,0,0,0,0,0,1,0,0,0,0,0,0,0,0,0,0,0.8,3.94,1440,0,0,8,0,1
1,0,0,1,0,0,0,0,0,0,0,0,0,0,0,0,1,0,0,0,0.8,3.94,1440,0,0,8,0,1
1,0,0,0,0,0,0,0,0,0,0,0,0,0,0,0,0,0,0,0,0.8,26.16,8220,75,0,59,1099,1
1,0,0,0,0,0,0,0,0,0,0,0,0,0,0,0,1,0,0,0,0.8,26.16,10620,75,0,59,1093,1
1,0,0,0,0,0,0,0,0,0,0,0,0,0,1,0,0,0,0,0,0.8,25.9,10170,60,0,57,1031,1
1,0,0,0,0,0,0,0,0,0,0,0,0,0,0,1,0,0,0,0,0.8,25.9,10170,60,0,57,1233,1
1,0,0,1,0,0,0,0,0,0,0,0,0,1,0,0,0,0,0,0,0.8,2.9,1440,0,0,8,0,1
1,0,0,1,0,0,0,0,0,0,0,0,1,0,0,0,0,0,0,0,0.65,4.15,1440,0,0,8,0,1
1,0,0,0,0,0,0,0,0,0,1,0,0,0,0,0,0,0,0,0,0.8,19.87,9900,0,0,55,941,1
1,0,0,0,0,0,0,0,0,0,0,0,0,1,0,0,0,0,0,0,0.8,11.41,5670,50,0,32,843,1
1,0,0,0,0,0,0,0,0,0,0,0,0,0,0,0,0,0,0,1,0.8,11.61,4470,50,0,32,760,1
1,0,0,0,0,0,0,0,0,1,0,0,0,0,0,0,0,0,0,0,0.8,28.08,10530,63,0,59,737,1
1,0,0,1,0,0,0,0,0,0,0,0,0,0,0,1,0,0,0,0,0.8,2.9,1440,0,0,8,0,0
1,0,0,0,0,0,0,0,0,0,0,0,0,0,0,0,0,1,0,0,0.8,50.48,6930,45,0,59,381,0
1,0,0,0,0,0,0,0,0,0,0,0,1,0,0,0,0,0,0,0,0.65,20.79,8460,0,0,59,1141,1
1,0,0,0,0,0,0,0,0,0,0,0,0,0,0,0,0,0,1,0,0.65,12.52,9540,44,0,53,1004,1
1,0,0,1,0,0,0,0,0,0,0,0,0,0,1,0,0,0,0,0,0.8,2.9,1440,0,0,8,0,0
1,0,0,1,0,0,0,0,0,0,0,0,0,0,0,0,0,0,1,0,0.8,4.15,1440,0,0,8,0,0
1,0,0,0,0,0,0,0,0,0,0,1,0,0,0,0,0,0,0,0,0.35,22.4,7350,0,0,52,581,1
1,0,0,1,0,0,0,0,0,0,0,0,0,0,0,0,0,1,0,0,0.8,3.94,1440,0,0,8,0,0
1,0,0,1,0,0,0,1,0,0,0,1,0,0,0,0,0,0,0,0,0.35,4.3,2160,0,0,12,0,1
1,0,0,1,0,0,0,1,0,0,0,0,0,0,0,0,0,0,0,0,0.8,3.94,1440,0,0,2,0,1
1,0,0,1,0,0,0,1,0,0,0,0,0,0,0,0,0,1,0,0,0.8,3.94,5400,0,0,20,0,1
1,0,0,1,0,0,0,1,0,0,1,0,0,0,0,0,0,0,0,0,0.8,4.15,1620,0,0,9,0,1
1,0,0,1,0,0,0,1,0,0,0,0,0,0,0,0,1,0,0,0,0.8,3.94,1440,0,0,8,0,1
1,0,0,0,0,0,0,1,0,0,0,0,0,0,0,0,0,0,0,0,0.8,26.16,10620,75,0,59,1073,1
1,0,0,0,0,0,0,1,0,0,0,0,0,0,0,0,1,0,0,0,0.8,26.16,10620,75,0,59,1156,1
1,0,0,0,0,0,0,1,0,0,0,0,0,0,0,1,0,0,0,0,0.8,25.9,10260,60,0,57,1211,1
1,0,0,0,0,0,0,1,0,0,0,0,0,0,1,0,0,0,0,0,0.8,25.9,10170,60,0,57,1126,1
1,0,0,1,0,0,0,1,0,0,0,0,1,0,0,0,0,0,0,0,0.65,4.15,1440,0,0,8,0,1
1,0,0,1,0,0,0,1,0,1,0,0,0,0,0,0,0,0,0,0,0.8,3.94,1440,0,0,8,0,1
1,0,0,0,0,0,0,1,0,0,0,0,0,1,0,0,0,0,0,0,0.8,11.61,5670,50,0,32,1004,1
1,0,0,0,0,0,0,1,0,0,0,0,0,0,0,0,0,0,0,1,0.8,11.61,5670,50,0,32,1063,1
1,0,0,0,0,0,0,1,0,1,0,0,0,0,0,0,0,0,0,0,0.8,28.08,10530,50,0,59,723,1
1,0,0,0,0,0,0,1,0,0,1,0,0,0,0,0,0,0,0,0,0.8,42.27,9900,54,0,55,465,0
1,0,0,1,0,0,0,1,0,0,0,0,0,0,0,1,0,0,0,0,0.8,2.9,1440,0,0,8,0,0
1,0,0,1,0,0,0,1,0,0,0,0,0,0,1,0,0,0,0,0,0.8,2.9,1440,0,0,8,0,0
1,0,0,1,0,0,0,1,0,0,0,0,0,0,0,0,0,0,1,0,0.8,4.15,1440,0,0,8,0,0
1,0,0,0,0,0,0,1,0,0,0,0,0,0,0,0,0,0,1,0,0.7,27.13,9540,37,0,53,530,0
1,0,0,0,0,0,0,1,0,0,0,0,1,0,0,0,0,0,0,0,0.7,20.79,10440,0,0,58,1297,0
1,0,0,0,0,0,0,1,0,0,0,1,0,0,0,0,0,0,0,0,0.5,22.4,10170,23,0,57,783,1
1,0,0,0,0,0,0,1,0,0,0,0,0,0,0,0,0,1,0,0,0.35,22.4,10170,23,0,57,715,1
1,0,0,1,0,0,0,0,1,0,0,0,0,0,0,0,0,0,1,0,0.8,4.15,1980,0,0,7,0,1
1,0,0,1,0,0,0,0,1,0,0,1,0,0,0,0,0,0,0,0,0.35,4.3,2700,0,0,8,0,1
1,0,0,0,0,0,0,0,1,0,0,0,0,0,1,0,0,0,0,0,0.8,25.9,10170,70,0,57,1150,1
1,0,0,1,0,0,0,0,1,0,0,0,0,0,0,0,0,0,0,0,0.8,3.94,1440,0,0,8,0,1
1,0,0,1,0,0,0,0,1,0,0,0,1,0,0,0,0,0,0,0,0.65,4.15,1440,0,0,15,0,1
1,0,0,1,0,0,0,0,1,0,0,0,0,0,0,0,1,0,0,0,0.8,3.94,1440,0,0,8,0,1
1,0,0,0,0,0,0,0,1,0,0,0,0,0,0,0,1,0,0,0,0.8,26.16,10620,75,0,59,1232,1
1,0,0,0,0,0,0,0,1,0,0,0,0,0,0,1,0,0,0,0,0.8,25.9,10170,60,0,57,1218,1
1,0,0,1,0,0,0,0,1,0,0,0,0,0,1,0,0,0,0,0,0.8,2.9,1440,0,0,8,0,1
1,0,0,1,0,0,0,0,1,0,1,0,0,0,0,0,0,0,0,0,0.8,4.15,1440,0,0,7,0,1
1,0,0,0,0,0,0,0,1,0,0,0,0,0,0,0,0,0,0,1,0.8,11.61,2970,50,0,32,1159,1
1,0,0,0,0,0,0,0,1,0,0,0,0,1,0,0,0,0,0,0,0.8,11.61,5670,38,0,32,972,1
1,0,0,0,0,0,0,0,1,0,0,0,0,0,0,0,0,0,0,0,0.8,26.16,10620,63,0,59,1092,1
1,0,0,0,0,0,0,0,1,0,0,0,1,0,0,0,0,0,0,0,0.7,20.79,7320,0,0,58,965,1
1,0,0,1,0,0,0,0,1,0,0,0,0,0,0,1,0,0,0,0,0.8,2.9,1440,0,0,8,0,0
1,0,0,0,0,0,0,0,1,0,0,1,0,0,0,0,0,0,0,0,0.6,22.4,5100,23,0,57,816,1
1,0,0,0,0,0,0,0,1,0,0,0,0,0,0,0,0,1,0,0,0.5,22.4,3390,23,0,57,947,1
1,0,0,0,0,0,0,0,1,0,0,0,0,0,0,0,0,0,1,0,0.35,14.61,7200,23,0,55,838,1
1,0,0,1,0,0,0,0,1,0,0,0,0,0,0,0,0,1,0,0,0.8,3.94,1260,0,0,8,0,0
1,0,0,0,0,0,0,0,1,1,0,0,0,0,0,0,0,0,0,0,0.8,51.02,4260,27,0,57,1086,0
1,0,0,1,0,0,0,0,1,1,0,0,0,0,0,0,0,0,0,0,0.8,3.94,1260,0,0,8,0,0
0,1,0,1,0,0,1,0,0,0,0,1,0,0,0,0,0,0,0,0,0.35,4.3,3600,0,0,20,0,1
0,1,0,1,0,0,1,0,0,0,0,0,0,0,0,0,0,1,0,0,0.8,3.94,3420,0,0,19,0,1
0,1,0,1,0,0,1,0,0,0,0,0,0,0,0,0,0,0,0,0,0.8,3.94,1440,0,0,8,0,1
0,1,0,1,0,0,1,0,0,0,0,0,1,0,0,0,0,0,0,0,0.65,4.15,1440,0,0,8,0,1
0,1,0,1,0,0,1,0,0,0,0,0,0,0,0,0,1,0,0,0,0.8,3.94,1440,0,0,8,0,1
0,1,0,0,0,0,1,0,0,0,0,0,0,0,0,0,0,0,0,0,0.8,26.16,10620,75,0,59,1160,1
0,1,0,0,0,0,1,0,0,0,0,0,0,0,0,1,0,0,0,0,0.8,25.9,8970,60,0,57,1177,1
0,1,0,0,0,0,1,0,0,0,0,0,0,0,1,0,0,0,0,0,0.8,25.9,10170,60,0,57,1281,1
0,1,0,0,0,0,1,0,0,0,0,0,0,0,0,0,1,0,0,0,0.8,26.16,10620,63,0,59,1369,1
0,1,0,0,0,0,1,0,0,0,0,0,0,1,0,0,0,0,0,0,0.8,11.61,4950,38,0,32,1084,1
0,1,0,0,0,0,1,0,0,0,0,0,0,0,0,0,0,0,0,1,0.8,11.61,4950,50,0,32,1216,1
0,1,0,0,0,0,1,0,0,0,0,0,1,0,0,0,0,0,0,0,0.7,20.79,10440,0,0,58,391,1
0,1,0,1,0,0,1,0,0,0,0,0,0,0,1,0,0,0,0,0,0.8,2.9,1440,0,0,8,0,0
0,1,0,0,0,0,1,0,0,0,1,0,0,0,0,0,0,0,0,0,0.5,22.52,10170,30,0,57,1102,1
0,1,0,0,0,0,1,0,0,0,0,1,0,0,0,0,0,0,0,0,0.65,22.52,10080,26,0,56,872,1
0,1,0,1,0,0,1,0,0,0,0,0,0,0,0,1,0,0,0,0,0.8,2.9,1440,0,0,8,0,0
0,1,0,0,0,0,1,0,0,0,0,0,0,0,0,0,0,1,0,0,0.6,22.52,10170,23,0,57,1076,1
0,1,0,0,0,0,1,0,0,0,0,0,0,0,0,0,0,0,1,0,0.5,14.89,9900,30,0,55,917,1
0,1,0,0,0,0,1,0,0,1,0,0,0,0,0,0,0,0,0,0,0.5,22.94,9810,23,0,55,1044,1
0,1,0,1,1,0,0,0,0,0,0,0,1,0,0,0,0,0,0,0,0.65,4.15,2700,0,0,15,0,1
0,1,0,1,1,0,0,0,0,1,0,0,0,0,0,0,0,0,0,0,0.8,3.94,1800,0,0,10,0,1
0,1,0,1,1,0,0,0,0,0,0,0,0,0,0,0,0,1,0,0,0.8,3.94,1440,0,0,8,0,1
0,1,0,1,1,0,0,0,0,0,0,0,0,0,0,0,0,0,0,0,0.8,3.94,1440,0,0,8,0,1
0,1,0,1,1,0,0,0,0,0,0,0,0,0,0,0,1,0,0,0,0.8,3.94,1800,0,0,10,0,1
0,1,0,0,1,0,0,0,0,0,0,0,0,1,0,0,0,0,0,0,0.8,11.41,5490,63,0,31,1067,1
0,1,0,0,1,0,0,0,0,0,0,0,0,0,0,0,0,0,0,1,0.8,11.61,5670,63,0,32,1039,1
0,1,0,0,1,0,0,0,0,0,0,0,0,0,1,0,0,0,0,0,0.8,25.9,10170,50,0,57,1396,1
0,1,0,0,1,0,0,0,0,0,0,0,0,0,0,1,0,0,0,0,0.8,25.9,10170,50,0,57,1292,1
0,1,0,0,1,0,0,0,0,0,0,0,0,0,0,0,0,0,0,0,0.8,48.68,10620,63,0,59,171,1
0,1,0,0,1,0,0,0,0,0,0,0,0,0,0,0,1,0,0,0,0.8,26.16,10620,63,0,59,1128,1
0,1,0,0,1,0,0,0,0,1,0,0,0,0,0,0,0,0,0,0,0.6,22.94,6570,23,0,57,865,1
0,1,0,0,1,0,0,0,0,0,0,1,0,0,0,0,0,0,0,0,0.7,22.52,10170,50,0,57,825,1
0,1,0,1,1,0,0,0,0,0,0,0,0,0,0,1,0,0,0,0,0.8,2.9,1440,0,0,8,0,0
0,1,0,1,1,0,0,0,0,0,0,0,0,0,1,0,0,0,0,0,0.8,2.9,1440,0,0,8,0,0
0,1,0,0,1,0,0,0,0,0,0,0,0,0,0,0,0,1,0,0,0.65,22.52,9720,35,0,54,1163,1
0,1,0,0,1,0,0,0,0,0,1,0,0,0,0,0,0,0,0,0,0.6,22.52,10170,30,0,57,1140,1
0,1,0,0,1,0,0,0,0,0,0,0,0,0,0,0,0,0,1,0,0.6,14.89,10080,38,0,56,1027,1
0,1,0,1,1,0,0,0,0,0,0,0,0,1,0,0,0,0,0,0,0.8,2.9,900,0,0,5,0,0
0,1,0,0,1,0,0,0,0,0,0,0,1,0,0,0,0,0,0,0,0.7,41.19,10440,21,0,58,1052,0
0,1,0,1,1,0,0,0,0,0,0,0,0,0,0,0,0,0,1,0,0.8,4.15,1260,0,0,7,0,0
0,1,0,1,0,1,0,0,0,0,0,0,1,0,0,0,0,0,0,0,0.6,4.15,1440,0,0,8,0,1
0,1,0,1,0,1,0,0,0,0,0,0,0,0,0,0,0,0,1,0,0.65,4.15,2160,0,0,12,0,1
0,1,0,1,0,1,0,0,0,0,0,0,0,1,0,0,0,0,0,0,0.8,2.9,1800,0,0,10,0,1
0,1,0,0,0,1,0,0,0,0,0,0,0,1,0,0,0,0,0,0,0.8,11.41,5490,63,0,31,1140,1
0,1,0,0,0,1,0,0,0,0,0,0,0,0,1,0,0,0,0,0,0.8,48.84,10170,50,0,57,624,1
0,1,0,0,0,1,0,0,0,0,0,0,0,0,0,1,0,0,0,0,0.8,25.9,10170,38,0,57,1288,1
0,1,0,0,0,1,0,0,0,0,0,0,0,0,0,0,1,0,0,0,0.8,26.16,3660,50,0,59,1381,1
0,1,0,0,0,1,0,0,0,0,0,1,0,0,0,0,0,0,0,0,0.7,22.52,10170,50,0,57,882,1
0,1,0,0,0,1,0,0,0,0,0,0,0,0,0,0,0,1,0,0,0.7,22.52,10080,40,0,56,1002,1
0,1,0,1,0,1,0,0,0,0,0,0,0,0,1,0,0,0,0,0,0.8,2.9,1440,0,0,8,0,0
0,1,0,0,0,1,0,0,0,0,0,0,0,0,0,0,0,0,0,1,0.8,26.87,5670,56,0,32,585,0
0,1,0,0,0,1,0,0,0,0,1,0,0,0,0,0,0,0,0,0,0.65,22.52,10170,35,0,57,1138,1
0,1,0,0,0,1,0,0,0,0,0,0,0,0,0,0,0,0,1,0,0.65,14.89,10260,44,0,57,1140,1
0,1,0,0,0,1,0,0,0,1,0,0,0,0,0,0,0,0,0,0,0.65,22.94,10170,26,0,57,1025,1
0,1,0,1,0,1,0,0,0,0,0,0,0,0,0,1,0,0,0,0,0.8,2.9,1440,0,0,8,0,0
0,1,0,0,0,1,0,0,0,0,0,0,1,0,0,0,0,0,0,0,0.6,20.4,10440,30,0,58,1031,1
0,1,0,1,0,1,0,0,0,0,0,0,0,0,0,0,1,0,0,0,0.8,3.94,1800,0,0,10,0,0
0,1,0,0,0,1,0,0,0,0,0,0,0,0,0,0,0,0,0,0,0.8,49.1,10350,24,0,58,1381,0
0,1,0,1,0,1,0,0,0,0,0,0,0,0,0,0,0,1,0,0,0.7,3.94,1440,0,0,8,0,0
0,1,0,1,0,0,0,0,0,0,0,1,0,0,0,0,0,0,0,0,0.7,4.3,5040,0,0,28,0,1
0,1,0,1,0,0,0,0,0,0,0,0,0,0,0,0,1,0,0,0,0.8,3.94,1800,0,0,10,0,1
0,1,0,1,0,0,0,0,0,0,0,0,1,0,0,0,0,0,0,0,0.65,4.15,1440,0,0,8,0,1
0,1,0,0,0,0,0,0,0,0,0,0,0,1,0,0,0,0,0,0,0.8,11.41,4380,50,0,31,1028,1
0,1,0,0,0,0,0,0,0,0,0,0,0,0,0,1,0,0,0,0,0.8,25.9,3630,50,0,57,1380,1
0,1,0,0,0,0,0,0,0,0,0,0,0,0,0,0,1,0,0,0,0.8,26.16,10620,63,0,59,1196,1
0,1,0,1,0,0,0,0,0,0,0,0,0,0,0,0,0,0,0,1,0.8,2.9,1440,0,0,8,0,0
0,1,0,0,0,0,0,0,0,1,0,0,0,0,0,0,0,0,0,0,0.7,22.94,10170,38,0,57,1006,1
0,1,0,0,0,0,0,0,0,0,0,1,0,0,0,0,0,0,0,0,0.7,22.52,10260,63,0,57,930,1
0,1,0,0,0,0,0,0,0,0,1,0,0,0,0,0,0,0,0,0,0.7,22.52,10170,50,0,57,1095,1
0,1,0,0,0,0,0,0,0,0,0,0,0,0,0,0,0,1,0,0,0.7,22.52,10080,63,0,56,938,1
0,1,0,0,0,0,0,0,0,0,0,0,0,0,0,0,0,0,1,0,0.7,14.89,10260,50,0,57,1484,1
0,1,0,1,0,0,0,0,0,0,0,0,0,0,0,1,0,0,0,0,0.8,2.9,1440,0,0,8,0,0
0,1,0,0,0,0,0,0,0,0,0,0,1,0,0,0,0,0,0,0,0.65,20.4,8280,35,0,58,1255,1
0,1,0,0,0,0,0,0,0,0,0,0,0,0,1,0,0,0,0,0,0.8,48.84,10260,30,0,57,1040,0
0,1,0,0,0,0,0,0,0,0,0,0,0,0,0,0,0,0,0,0,0.5,22.94,10170,30,0,57,1492,1
0,1,0,1,0,0,0,0,0,0,0,0,0,0,0,0,0,1,0,0,0.7,3.94,1440,0,0,8,0,0
0,1,0,1,0,0,0,0,0,0,0,0,0,0,0,0,0,0,1,0,0.7,4.15,1440,0,0,8,0,0
0,1,0,0,0,0,0,0,0,0,0,0,0,0,0,0,0,0,0,1,0.35,15.26,6120,23,0,34,1111,1
0,1,0,1,0,0,0,1,0,0,0,0,1,0,0,0,0,0,0,0,0.7,4.15,1440,0,0,8,0,1
0,1,0,0,0,0,0,1,0,0,0,0,0,1,0,0,0,0,0,0,0.8,11.41,5580,63,0,31,1047,1
0,1,0,0,0,0,0,1,0,0,0,0,0,0,0,1,0,0,0,0,0.8,25.9,10170,50,0,57,1434,1
0,1,0,0,0,0,0,1,0,0,0,0,0,0,0,0,1,0,0,0,0.8,26.16,10620,63,0,59,399,1
0,1,0,0,0,0,0,1,0,0,0,1,0,0,0,0,0,0,0,0,0.7,22.52,10260,63,0,57,983,1
0,1,0,0,0,0,0,1,0,0,0,0,0,0,0,0,0,1,0,0,0.7,22.52,10080,63,0,56,1108,1
0,1,0,0,0,0,0,1,0,0,1,0,0,0,0,0,0,0,0,0,0.7,22.52,8460,50,0,57,1134,1
0,1,0,0,0,0,0,1,0,1,0,0,0,0,0,0,0,0,0,0,0.7,22.94,10260,50,0,57,1363,1
0,1,0,1,0,0,0,1,0,0,0,0,0,0,0,0,1,0,0,0,0.8,3.94,1800,0,0,10,0,0
0,1,0,0,0,0,0,1,0,0,0,0,0,0,0,0,0,0,1,0,0.7,14.89,10260,50,0,57,1501,1
0,1,0,0,0,0,0,1,0,0,0,0,1,0,0,0,0,0,0,0,0.7,20.4,10260,50,0,57,1352,1
0,1,0,1,0,0,0,1,0,0,0,0,0,0,0,1,0,0,0,0,0.8,2.9,1440,0,0,8,0,0
0,1,0,0,0,0,0,1,0,0,0,0,0,0,0,0,0,0,0,1,0.5,15.26,3720,23,0,34,1352,1
0,1,0,0,0,0,0,1,0,0,0,0,0,0,1,0,0,0,0,0,0.35,22.94,10080,30,0,56,1450,1
0,1,0,1,0,0,0,1,0,0,0,0,0,0,0,0,0,0,1,0,0.7,4.15,2700,0,0,15,0,0
0,1,0,1,0,0,0,0,1,0,0,1,0,0,0,0,0,0,0,0,0.75,4.3,6000,0,0,20,0,1
0,1,0,1,0,0,0,0,1,1,0,0,0,0,0,0,0,0,0,0,0.7,3.94,5100,0,0,17,0,1
0,1,0,0,0,0,0,0,1,0,0,1,0,0,0,0,0,0,0,0,0.75,22.52,10080,94,0,56,825,1
0,1,0,0,0,0,0,0,1,0,0,0,0,1,0,0,0,0,0,0,0.8,11.61,5760,75,0,89,916,1
0,1,0,1,0,0,0,0,1,0,0,0,0,0,0,0,1,0,0,0,0.8,3.94,2400,0,0,8,0,1
0,1,0,0,0,0,0,0,1,0,0,0,0,0,0,1,0,0,0,0,0.8,25.9,7470,38,0,57,562,1
0,1,0,0,0,0,0,0,1,1,0,0,0,0,0,0,0,0,0,0,0.7,22.94,10500,60,0,57,1422,1
0,1,0,0,0,0,0,0,1,0,0,0,0,0,0,0,0,1,0,0,0.7,22.52,10080,75,0,56,1206,1
0,1,0,1,0,0,0,0,1,0,0,0,1,0,0,0,0,0,0,0,0.7,4.15,2400,0,0,8,0,1
0,1,0,0,0,0,0,0,1,0,0,0,1,0,0,0,0,0,0,0,0.7,20.4,10440,50,0,58,1404,1
0,1,0,0,0,0,0,0,1,0,1,0,0,0,0,0,0,0,0,0,0.7,22.52,10260,63,0,57,1139,1
0,1,0,0,0,0,0,0,1,0,0,0,0,0,0,0,0,0,1,0,0.7,14.89,10260,50,0,57,1735,1
0,1,0,0,0,0,0,0,1,0,0,0,0,0,0,0,0,0,0,0,0.65,22.94,10260,34,0,57,1595,1
0,1,0,0,0,0,0,0,1,0,0,0,0,0,0,0,0,0,0,1,0.6,15.26,6360,23,0,34,1245,1
0,1,0,1,0,0,0,0,1,0,0,0,0,0,0,1,0,0,0,0,0.8,2.9,2400,0,0,8,0,0
0,1,0,0,0,0,0,0,1,0,0,0,0,0,0,0,1,0,0,0,0.8,54.56,4140,29,0,58,757,0
0,1,0,1,0,0,0,0,1,0,0,0,0,0,0,0,0,0,0,0,0.65,3.94,2400,0,0,8,0,0
0,1,0,0,0,0,0,0,1,0,0,0,0,0,1,0,0,0,0,0,0.5,22.52,10080,23,0,56,1720,1
0,1,0,1,0,0,0,0,1,0,0,0,0,0,0,0,0,0,1,0,0.7,4.15,2700,0,0,9,0,0
0,0,1,1,0,0,1,0,0,0,0,0,0,0,1,0,0,0,0,0,0.6,3.94,6000,0,0,10,0,1
0,0,1,1,0,0,1,0,0,0,0,0,0,0,0,0,0,1,0,0,0.75,3.94,8400,0,0,14,0,1
0,0,1,0,0,0,1,0,0,0,0,1,0,0,0,0,0,0,0,0,0.75,22.52,10080,81,0,56,759,1
0,0,1,0,0,0,1,0,0,1,0,0,0,0,0,0,0,0,0,0,0.7,22.94,10620,60,0,57,1510,1
0,0,1,0,0,0,1,0,0,0,0,0,0,1,0,0,0,0,0,0,0.8,11.61,6360,63,0,32,955,1
0,0,1,0,0,0,1,0,0,0,0,0,0,0,0,0,0,1,0,0,0.75,22.52,10080,55,0,56,1328,1
0,0,1,0,0,0,1,0,0,0,0,0,0,0,0,0,0,0,0,0,0.7,22.94,12180,63,0,57,1384,1
0,0,1,0,0,0,1,0,0,0,1,0,0,0,0,0,0,0,0,0,0.7,22.52,10260,63,0,57,1244,1
0,0,1,1,0,0,1,0,0,0,0,0,1,0,0,0,0,0,0,0,0.7,4.15,9000,0,0,15,0,1
0,0,1,0,0,0,1,0,0,0,0,0,1,0,0,0,0,0,0,0,0.7,20.4,10440,40,0,58,1480,1
0,0,1,0,0,0,1,0,0,0,0,0,0,0,0,0,0,0,1,0,0.7,14.89,10260,50,0,57,1863,1
0,0,1,1,0,0,1,0,0,0,0,1,0,0,0,0,0,0,0,0,0.75,4.3,9000,0,0,15,0,0
0,0,1,1,0,0,1,0,0,0,0,0,0,0,0,0,0,0,0,0,0.7,3.94,15000,0,0,25,0,0
0,0,1,1,0,0,1,0,0,1,0,0,0,0,0,0,0,0,0,0,0.7,3.94,15000,0,0,25,0,0
0,0,1,1,0,0,1,0,0,0,0,0,0,1,0,0,0,0,0,0,0.8,2.9,4800,0,0,8,0,0
0,0,1,0,0,0,1,0,0,0,0,0,0,0,0,0,0,0,0,1,0.6,15.26,6960,23,0,34,1492,1
0,0,1,0,0,0,1,0,0,0,0,0,0,0,1,0,0,0,0,0,0.6,22.52,10260,23,0,57,1859,1
0,0,1,0,0,0,1,0,0,0,0,0,0,0,0,1,0,0,0,0,0.8,40.99,10770,30,0,57,980,0
0,0,1,0,0,0,1,0,0,0,0,0,0,0,0,0,1,0,0,0,0.5,29.12,10440,30,0,58,970,1
0,0,1,1,0,0,1,0,0,0,1,0,0,0,0,0,0,0,0,0,0.7,3.94,12000,0,0,20,0,0
0,0,1,1,0,0,1,0,0,0,0,0,0,0,0,1,0,0,0,0,0.8,2.9,4800,0,0,8,0,0
0,0,1,1,0,0,1,0,0,0,0,0,0,0,0,0,0,0,0,1,0.6,4.08,5400,0,0,9,0,0
0,0,1,1,1,0,0,0,0,0,0,0,1,0,0,0,0,0,0,0,0.7,4.15,2700,0,0,15,0,1
0,0,1,1,1,0,0,0,0,0,0,0,0,0,0,0,0,1,0,0,0.75,3.94,1800,0,0,10,0,1
0,0,1,1,1,0,0,0,0,0,0,0,0,0,0,1,0,0,0,0,0.8,2.9,1620,0,0,9,0,1
0,0,1,0,1,0,0,0,0,1,0,0,0,0,0,0,0,0,0,0,0.75,22.94,10260,94,0,57,1606,1
0,0,1,0,1,0,0,0,0,0,0,1,0,0,0,0,0,0,0,0,0.75,22.52,10260,94,0,57,727,1
0,0,1,1,1,0,0,0,0,0,0,0,0,0,0,0,0,0,1,0,0.75,4.15,1800,0,0,10,0,1
0,0,1,1,1,0,0,0,0,0,1,0,0,0,0,0,0,0,0,0,0.75,3.94,1440,0,0,8,0,1
0,0,1,1,1,0,0,0,0,0,0,0,0,0,1,0,0,0,0,0,0.65,3.94,2160,0,0,12,0,1
0,0,1,1,1,0,0,0,0,0,0,0,0,0,0,0,0,0,0,1,0.7,4.08,1620,0,0,9,0,1
0,0,1,0,1,0,0,0,0,0,0,0,0,0,0,0,0,0,0,0,0.7,22.94,10260,75,0,57,1472,1
0,0,1,0,1,0,0,0,0,0,0,0,0,0,0,0,0,1,0,0,0.75,22.52,10080,69,0,56,1332,1
0,0,1,0,1,0,0,0,0,0,0,0,0,1,0,0,0,0,0,0,0.8,11.61,5640,63,0,32,1009,1
0,0,1,0,1,0,0,0,0,0,1,0,0,0,0,0,0,0,0,0,0.75,22.52,10260,69,0,57,1266,1
0,0,1,0,1,0,0,0,0,0,0,0,0,0,0,0,0,0,0,1,0.75,15.26,6120,40,0,34,1316,1
0,0,1,0,1,0,0,0,0,0,0,0,0,0,0,0,0,0,1,0,0.75,42.97,10260,56,0,57,1282,1
0,0,1,0,1,0,0,0,0,0,0,0,1,0,0,0,0,0,0,0,0.7,20.4,10440,50,0,58,1382,1
0,0,1,1,1,0,0,0,0,0,0,1,0,0,0,0,0,0,0,0,0.75,4.3,2160,0,0,12,0,0
0,0,1,0,1,0,0,0,0,0,0,0,0,0,1,0,0,0,0,0,0.65,22.52,10170,26,0,57,1295,1
0,0,1,0,1,0,0,0,0,0,0,0,0,0,0,0,1,0,0,0,0.6,29.12,6660,23,0,58,925,1
0,0,1,1,1,0,0,0,0,1,0,0,0,0,0,0,0,0,0,0,0.75,3.94,1440,0,0,8,0,0
0,0,1,1,1,0,0,0,0,0,0,0,0,0,0,0,0,0,0,0,0.7,3.94,1440,0,0,8,0,0
0,0,1,0,1,0,0,0,0,0,0,0,0,0,0,1,0,0,0,0,0.35,15.09,9360,23,0,52,1448,1
0,0,1,1,1,0,0,0,0,0,0,0,0,0,0,0,1,0,0,0,0.6,3.94,1440,0,0,8,0,0
0,0,1,1,0,1,0,0,0,0,0,0,1,0,0,0,0,0,0,0,0.7,4.15,3060,0,0,17,0,1
0,0,1,1,0,1,0,0,0,1,0,0,0,0,0,0,0,0,0,0,0.75,3.94,1440,0,0,8,0,1
0,0,1,1,0,1,0,0,0,0,0,0,0,0,0,0,0,0,0,0,0.7,3.94,1440,0,0,8,0,1
0,0,1,1,0,1,0,0,0,0,1,0,0,0,0,0,0,0,0,0,0.75,3.94,1620,0,0,9,0,1
0,0,1,1,0,1,0,0,0,0,0,0,0,0,0,0,0,1,0,0,0.75,3.94,3420,0,0,19,0,1
0,0,1,1,0,1,0,0,0,0,0,1,0,0,0,0,0,0,0,0,0.75,4.3,2160,0,0,12,0,1
0,0,1,0,0,1,0,0,0,0,0,1,0,0,0,0,0,0,0,0,0.75,22.52,10260,94,0,57,867,1
0,0,1,0,0,1,0,0,0,1,0,0,0,0,0,0,0,0,0,0,0.75,22.94,10530,81,0,59,1636,1
0,0,1,0,0,1,0,0,0,0,0,0,0,0,0,0,0,0,0,0,0.7,22.94,10530,75,0,59,1682,1
0,0,1,0,0,1,0,0,0,0,1,0,0,0,0,0,0,0,0,0,0.75,22.52,10350,55,0,58,1495,1
0,0,1,0,0,1,0,0,0,0,0,0,0,1,0,0,0,0,0,0,0.8,11.61,5760,63,0,32,1181,1
0,0,1,0,0,1,0,0,0,0,0,0,0,0,0,0,0,1,0,0,0.75,22.52,10080,69,0,56,1413,1
0,0,1,1,0,1,0,0,0,0,0,0,0,0,1,0,0,0,0,0,0.65,3.94,2520,0,0,14,0,1
0,0,1,0,0,1,0,0,0,0,0,0,0,0,1,0,0,0,0,0,0.7,22.52,10170,40,0,57,360,1
0,0,1,0,0,1,0,0,0,0,0,0,0,0,0,0,0,0,0,1,0.7,15.26,6120,40,0,34,1296,1
0,0,1,0,0,1,0,0,0,0,0,0,1,0,0,0,0,0,0,0,0.7,20.4,10440,50,0,58,1217,1
0,0,1,0,0,1,0,0,0,0,0,0,0,0,0,0,1,0,0,0,0.65,29.12,10440,26,0,58,1086,1
0,0,1,1,0,1,0,0,0,0,0,0,0,0,0,0,0,0,0,1,0.7,4.08,1620,0,0,9,0,0
0,0,1,0,0,1,0,0,0,0,0,0,0,0,0,0,0,0,1,0,0.75,42.97,10260,40,0,57,532,0
0,0,1,0,0,1,0,0,0,0,0,0,0,0,0,1,0,0,0,0,0.5,15.09,720,23,0,52,1557,1
0,0,1,1,0,1,0,0,0,0,0,0,0,0,0,1,0,0,0,0,0.8,2.9,720,0,0,4,0,0
0,0,1,1,0,0,0,0,0,0,1,0,0,0,0,0,0,0,0,0,0.75,3.94,1800,0,0,10,0,1
0,0,1,1,0,0,0,0,0,0,0,0,0,0,0,0,0,1,0,0,0.75,3.94,3780,0,0,21,0,1
0,0,1,1,0,0,0,0,0,0,0,1,0,0,0,0,0,0,0,0,0.75,4.3,2160,0,0,12,0,1
0,0,1,1,0,0,0,0,0,0,0,0,1,0,0,0,0,0,0,0,0.7,4.15,2700,0,0,15,0,1
0,0,1,1,0,0,0,0,0,1,0,0,0,0,0,0,0,0,0,0,0.75,3.94,1800,0,0,10,0,1
0,0,1,1,0,0,0,0,0,0,0,0,0,0,0,0,0,0,0,0,0.7,3.94,1800,0,0,10,0,1
0,0,1,0,0,0,0,0,0,0,0,1,0,0,0,0,0,0,0,0,0.8,22.52,10170,60,0,57,1016,1
0,0,1,0,0,0,0,0,0,0,0,0,0,1,0,0,0,0,0,0,0.8,11.61,5760,50,0,32,1072,1
0,0,1,0,0,0,0,0,0,0,1,0,0,0,0,0,0,0,0,0,0.75,22.52,10260,69,0,57,1584,1
0,0,1,0,0,0,0,0,0,1,0,0,0,0,0,0,0,0,0,0,0.75,22.94,10260,55,0,57,1764,1
0,0,1,0,0,0,0,0,0,0,0,0,0,0,0,0,0,0,0,0,0.7,22.94,10440,60,0,58,1745,1
0,0,1,0,0,0,0,0,0,0,0,0,0,0,0,0,0,1,0,0,0.75,22.52,10080,55,0,56,1250,1
0,0,1,1,0,0,0,0,0,0,0,0,0,0,0,0,0,0,0,1,0.7,4.08,1620,0,0,9,0,1
0,0,1,0,0,0,0,0,0,0,0,0,1,0,0,0,0,0,0,0,0.75,20.4,10320,56,0,58,1118,1
0,0,1,0,0,0,0,0,0,0,0,0,0,0,0,0,1,0,0,0,0.7,29.12,10440,40,0,58,1143,1
0,0,1,0,0,0,0,0,0,0,0,0,0,0,0,0,0,0,0,1,0.7,15.26,6120,40,0,34,1337,1
0,0,1,1,0,0,0,0,0,0,0,0,0,0,1,0,0,0,0,0,0.65,3.94,1440,0,0,8,0,1
0,0,1,0,0,0,0,0,0,0,0,0,0,0,0,1,0,0,0,0,0.6,15.09,360,23,0,52,1519,1
0,0,1,0,0,0,0,0,0,0,0,0,0,0,0,0,0,0,1,0,0.35,28.08,10260,23,0,57,749,1
0,0,1,0,0,0,0,1,0,1,0,0,0,0,0,0,0,0,0,0,0.75,22.52,6840,119,0,57,1635,1
0,0,1,0,0,0,0,1,0,0,1,0,0,0,0,0,0,0,0,0,0.75,22.52,6840,119,0,57,1299,1
0,0,1,1,0,0,0,1,0,0,0,0,0,0,0,0,0,1,0,0,0.8,3.94,1440,0,0,12,0,1
0,0,1,1,0,0,0,1,0,0,0,1,0,0,0,0,0,0,0,0,0.8,4.3,1440,0,0,12,0,1
0,0,1,1,0,0,0,1,0,0,0,0,1,0,0,0,0,0,0,0,0.5,4.15,1440,0,0,12,0,1
0,0,1,0,0,0,0,1,0,0,0,0,0,0,0,0,0,1,0,0,0.8,22.52,6720,70,0,56,1134,1
0,0,1,1,0,0,0,1,0,0,1,0,0,0,0,0,0,0,0,0,0.75,3.94,1440,0,0,12,0,1
0,0,1,0,0,0,0,1,0,0,0,1,0,0,0,0,0,0,0,0,0.8,22.52,6780,60,0,57,1106,1
0,0,1,1,0,0,0,1,0,0,0,0,0,0,0,1,0,0,0,0,0.65,3.94,960,0,0,8,0,1
0,0,1,1,0,0,0,1,0,0,0,0,0,0,0,0,0,0,0,1,0.7,4.15,1080,0,0,9,0,1
0,0,1,1,0,0,0,1,0,0,0,0,0,0,1,0,0,0,0,0,0.5,4.15,960,0,0,8,0,1
0,0,1,0,0,0,0,1,0,0,0,0,0,0,0,0,0,0,0,0,0.75,22.94,6960,55,0,58,1871,1
0,0,1,1,0,0,0,1,0,1,0,0,0,0,0,0,0,0,0,0,0.75,3.94,1200,0,0,10,0,1
0,0,1,1,0,0,0,1,0,0,0,0,0,0,0,0,0,0,0,0,0.75,3.94,1200,0,0,10,0,1
0,0,1,0,0,0,0,1,0,0,0,0,0,0,0,0,1,0,0,0,0.7,29.12,6960,50,0,58,1294,1
0,0,1,0,0,0,0,1,0,0,0,0,0,0,0,0,0,0,0,1,0.7,15.26,4080,40,0,34,1462,1
0,0,1,0,0,0,0,1,0,0,0,0,0,0,0,1,0,0,0,0,0.65,15.09,240,23,0,52,976,1
0,0,1,0,0,0,0,1,0,0,0,0,0,1,0,0,0,0,0,0,0.8,30.4,3840,34,0,32,338,0
0,0,1,1,0,0,0,1,0,0,0,0,0,1,0,0,0,0,0,0,0.8,2.9,960,0,0,8,0,0
0,0,1,0,0,0,0,1,0,0,0,0,1,0,0,0,0,0,0,0,0.5,20.79,6960,30,0,58,1455,1
0,0,1,0,0,0,0,1,0,0,0,0,0,0,0,0,0,0,1,0,0.5,48.18,6480,23,0,54,1282,0
0,0,1,0,0,0,0,0,1,1,0,0,0,0,0,0,0,0,0,0,0.8,22.52,6840,90,0,57,1559,1
0,0,1,0,0,0,0,0,1,0,1,0,0,0,0,0,0,0,0,0,0.8,22.52,6840,113,0,57,1350,1
0,0,1,1,0,0,0,0,1,0,0,0,0,1,0,0,0,0,0,0,0.35,2.9,1800,0,0,15,0,1
0,0,1,1,0,0,0,0,1,0,0,0,0,0,0,0,0,0,0,0,0.75,3.94,1200,0,0,10,0,1
0,0,1,1,0,0,0,0,1,1,0,0,0,0,0,0,0,0,0,0,0.8,3.94,1800,0,0,15,0,1
0,0,1,0,0,0,0,0,1,0,0,0,0,0,0,0,0,1,0,0,0.8,22.52,6720,60,0,56,1175,1
0,0,1,0,0,0,0,0,1,0,0,0,0,0,0,0,0,0,0,0,0.75,22.94,6960,81,0,58,1868,1
0,0,1,1,0,0,0,0,1,0,0,0,0,0,0,0,0,1,0,0,0.8,3.94,1200,0,0,10,0,1
0,0,1,0,0,0,0,0,1,0,0,0,1,0,0,0,0,0,0,0,0.6,20.79,6960,88,0,58,1045,1
0,0,1,0,0,0,0,0,1,0,0,1,0,0,0,0,0,0,0,0,0.8,22.52,6780,50,0,57,1342,1
0,0,1,1,0,0,0,0,1,0,0,0,0,0,0,0,0,0,0,1,0.75,4.08,1080,0,0,9,0,1
0,0,1,0,0,0,0,0,1,0,0,0,0,0,0,0,1,0,0,0,0.7,29.12,6960,63,0,58,1340,1
0,0,1,0,0,0,0,0,1,0,0,0,0,0,0,0,0,0,0,1,0.75,15.26,3600,45,0,35,1429,1
0,0,1,1,0,0,0,0,1,0,0,1,0,0,0,0,0,0,0,0,0.8,4.3,1440,0,0,12,0,0
0,0,1,1,0,0,0,0,1,0,0,0,0,0,0,1,0,0,0,0,0.65,4.15,960,0,0,8,0,0
0,0,1,0,0,0,0,0,1,0,0,0,0,0,0,0,0,0,1,0,0.5,20.1,5880,46,0,54,1413,1
0,0,1,0,0,0,0,0,1,0,0,0,0,0,0,1,0,0,0,0,0.7,38.09,6240,0,0,52,336,0
0,0,1,0,0,0,0,0,1,0,0,0,0,1,0,0,0,0,0,0,0.35,18.79,1800,23,0,32,511,1
0,0,1,1,0,0,0,0,1,0,0,0,0,0,1,0,0,0,0,0,0.6,3.94,960,0,0,8,0,0
0,0,1,0,0,0,0,0,1,0,0,0,0,0,1,0,0,0,0,0,0.6,23.54,6600,0,0,55,958,0
0,0,1,1,0,0,0,0,1,0,0,0,0,0,0,0,0,0,1,0,0.5,2.9,960,0,0,8,0,0
0,0,0,0,0,0,1,0,0,1,0,0,0,0,0,0,0,0,0,0,0.8,22.52,6840,113,0,57,1416,1
0,0,0,1,0,0,1,0,0,0,0,1,0,0,0,0,0,0,0,0,0.8,4.3,1200,0,0,10,0,1
0,0,0,0,0,0,1,0,0,0,1,0,0,0,0,0,0,0,0,0,0.8,22.52,6840,100,0,57,1287,1
0,0,0,0,0,0,1,0,0,0,0,1,0,0,0,0,0,0,0,0,0.8,22.52,6900,88,0,58,1444,1
0,0,0,0,0,0,1,0,0,0,0,0,0,0,0,0,0,1,0,0,0.8,22.52,6720,88,0,56,1088,1
0,0,0,1,0,0,1,0,0,0,0,0,0,1,0,0,0,0,0,0,0.5,2.9,1200,0,0,10,0,1
0,0,0,1,0,0,1,0,0,0,0,0,0,0,0,1,0,0,0,0,0.65,4.15,960,0,0,8,0,1
0,0,0,1,0,0,1,0,0,0,0,0,0,0,0,0,0,0,1,0,0.6,2.9,960,0,0,8,0,1
0,0,0,1,0,0,1,0,0,0,0,0,0,0,0,0,0,1,0,0,0.8,3.94,1200,0,0,10,0,1
0,0,0,1,0,0,1,0,0,0,0,0,0,0,0,0,0,0,0,0,0.75,3.94,1200,0,0,10,0,1
0,0,0,0,0,0,1,0,0,0,0,0,0,0,0,0,0,0,0,0,0.75,22.94,6960,81,0,58,1579,1
0,0,0,0,0,0,1,0,0,0,0,0,0,0,0,0,1,0,0,0,0.7,29.12,6960,53,0,58,1170,1
0,0,0,0,0,0,1,0,0,0,0,0,1,0,0,0,0,0,0,0,0.65,20.79,7080,81,0,59,1015,1
0,0,0,1,0,0,1,0,0,1,0,0,0,0,0,0,0,0,0,0,0.8,3.94,1200,0,0,10,0,0
0,0,0,0,0,0,1,0,0,0,0,0,0,0,0,0,0,0,0,1,0.75,15.26,4200,45,0,35,1436,1
0,0,0,1,0,0,1,0,0,0,0,0,0,0,0,0,0,0,0,1,0.75,4.08,1080,0,0,9,0,0
0,0,0,0,0,0,1,0,0,0,0,0,0,0,0,0,0,0,1,0,0.6,20.1,4320,46,0,51,1601,1
0,0,0,0,0,0,1,0,0,0,0,0,0,1,0,0,0,0,0,0,0.5,18.79,3960,23,0,33,717,1
0,0,0,1,0,0,1,0,0,0,1,0,0,0,0,0,0,0,0,0,0.8,3.94,960,0,0,8,0,0
0,0,0,0,0,0,1,0,0,0,0,0,0,0,1,0,0,0,0,0,0.65,23.54,6600,0,0,55,830,0
0,0,0,0,1,0,0,0,0,0,1,0,0,0,0,0,0,0,0,0,0.8,22.52,6960,113,0,58,1136,1
0,0,0,0,1,0,0,0,0,1,0,0,0,0,0,0,0,0,0,0,0.8,22.52,6840,113,0,57,1397,1
0,0,0,1,1,0,0,0,0,1,0,0,0,0,0,0,0,0,0,0,0.8,3.94,1200,0,0,10,0,1
0,0,0,1,1,0,0,0,0,0,1,0,0,0,0,0,0,0,0,0,0.8,3.94,960,0,0,8,0,1
0,0,0,1,1,0,0,0,0,0,0,1,0,0,0,0,0,0,0,0,0.8,3.94,1200,0,0,10,0,1
0,0,0,1,1,0,0,0,0,0,0,0,0,0,0,0,0,1,0,0,0.8,3.94,1200,0,0,10,0,1
0,0,0,1,1,0,0,0,0,0,0,0,0,0,0,0,0,0,0,0,0.75,3.94,1800,0,0,15,0,1
0,0,0,1,1,0,0,0,0,0,0,0,0,0,0,0,1,0,0,0,0.75,3.94,240,0,0,2,0,1
0,0,0,1,1,0,0,0,0,0,0,0,0,0,0,0,0,0,0,1,0.75,4.08,1080,0,0,9,0,1
0,0,0,1,1,0,0,0,0,0,0,0,1,0,0,0,0,0,0,0,0.7,3.94,240,0,0,2,0,1
0,0,0,1,1,0,0,0,0,0,0,0,0,0,1,0,0,0,0,0,0.7,3.94,1200,0,0,10,0,1
0,0,0,1,1,0,0,0,0,0,0,0,0,0,0,1,0,0,0,0,0.65,3.94,960,0,0,8,0,1
0,0,0,1,1,0,0,0,0,0,0,0,0,0,0,0,0,0,1,0,0.65,3.94,600,0,0,5,0,1
0,0,0,1,1,0,0,0,0,0,0,0,0,1,0,0,0,0,0,0,0.6,3.94,1200,0,0,10,0,1
0,0,0,0,1,0,0,0,0,0,0,0,0,0,0,0,0,1,0,0,0.8,22.52,6720,93,0,56,1116,1
0,0,0,0,1,0,0,0,0,0,0,1,0,0,0,0,0,0,0,0,0.8,22.52,6660,88,0,58,1432,1
0,0,0,0,1,0,0,0,0,0,0,0,0,0,0,0,1,0,0,0,0.75,29.12,6840,81,0,57,1082,1
0,0,0,0,1,0,0,0,0,0,0,0,0,0,0,0,0,0,0,0,0.75,22.94,6960,81,0,58,1502,1
0,0,0,0,1,0,0,0,0,0,0,0,0,0,0,0,0,0,0,1,0.75,15.26,4200,45,0,35,1209,1
0,0,0,0,1,0,0,0,0,0,0,0,1,0,0,0,0,0,0,0,0.7,50.89,5880,56,0,59,282,0
0,0,0,0,1,0,0,0,0,0,0,0,0,0,0,0,0,0,1,0,0.65,20.1,6480,49,0,54,1417,1
0,0,0,0,1,0,0,0,0,0,0,0,0,1,0,0,0,0,0,0,0.6,18.79,3960,23,0,33,799,1
0,0,0,0,1,0,0,0,0,0,0,0,0,0,1,0,0,0,0,0,0.7,23.54,6720,0,0,56,1109,0
0,0,0,0,1,0,0,0,0,0,0,0,0,0,0,1,0,0,0,0,0.5,23.54,6480,0,0,54,1144,0
0,0,0,1,0,1,0,0,0,0,0,0,0,0,0,1,0,0,0,0,0.65,4.15,960,0,0,8,0,1
0,0,0,0,0,1,0,0,0,1,0,0,0,0,0,0,0,0,0,0,0.8,22.52,6900,113,0,58,1396,1
0,0,0,0,0,1,0,0,0,0,0,0,0,0,0,0,0,0,0,0,0.8,22.94,3060,113,0,59,1582,1
0,0,0,1,0,1,0,0,0,0,0,0,0,0,0,0,0,0,0,0,0.75,3.94,2280,0,0,19,0,1
0,0,0,0,0,1,0,0,0,0,1,0,0,0,0,0,0,0,0,0,0.8,22.52,6840,100,0,57,1124,1
0,0,0,1,0,1,0,0,0,1,0,0,0,0,0,0,0,0,0,0,0.8,3.94,1200,0,0,10,0,1
0,0,0,1,0,1,0,0,0,0,0,0,0,0,1,0,0,0,0,0,0.7,3.94,2160,0,0,18,0,1
0,0,0,1,0,1,0,0,0,0,0,0,0,0,0,0,0,1,0,0,0.8,3.94,1200,0,0,10,0,1
0,0,0,0,0,1,0,0,0,0,0,0,0,0,0,0,0,1,0,0,0.8,22.52,6720,75,0,56,1282,1
0,0,0,0,0,1,0,0,0,0,0,1,0,0,0,0,0,0,0,0,0.8,22.52,7020,60,0,59,1472,1
0,0,0,1,0,1,0,0,0,0,0,1,0,0,0,0,0,0,0,0,0.8,4.3,1440,0,0,12,0,1
0,0,0,0,0,1,0,0,0,0,0,0,0,0,0,0,1,0,0,0,0.75,29.12,6960,45,0,58,1282,1
0,0,0,0,0,1,0,0,0,0,0,0,0,0,0,0,0,0,0,1,0.75,15.26,1440,45,0,35,1276,1
0,0,0,1,0,1,0,0,0,0,0,0,0,0,0,0,0,0,0,1,0.75,4.08,1080,0,0,9,0,0
0,0,0,0,0,1,0,0,0,0,0,0,0,0,0,0,0,0,1,0,0.7,20.1,6120,75,0,54,1192,1
0,0,0,0,0,1,0,0,0,0,0,0,0,1,0,0,0,0,0,0,0.65,18.79,3960,26,0,33,881,1
0,0,0,0,0,1,0,0,0,0,0,0,0,0,0,1,0,0,0,0,0.6,24.26,6600,0,0,55,1196,0
0,0,0,0,0,1,0,0,0,0,0,0,0,0,1,0,0,0,0,0,0.7,24.26,6720,0,0,56,1400,0
0,0,0,1,0,1,0,0,0,0,0,0,0,1,0,0,0,0,0,0,0.6,2.9,1200,0,0,10,0,0
0,0,0,0,0,0,0,0,0,0,0,0,0,0,0,0,0,0,0,0,0.8,22.94,7020,113,0,59,16882,1
0,0,0,1,0,0,0,0,0,0,0,0,0,0,0,0,1,0,0,0,0.75,3.94,960,0,0,8,0,1
0,0,0,0,0,0,0,0,0,1,0,0,0,0,0,0,0,0,0,0,0.8,22.52,7020,88,0,59,21385,1
0,0,0,0,0,0,0,0,0,0,1,0,0,0,0,0,0,0,0,0,0.8,22.52,6840,70,0,57,21266,1
0,0,0,0,0,0,0,0,0,0,0,0,0,0,0,0,0,1,0,0,0.8,22.52,6720,88,0,56,21540,1
0,0,0,1,0,0,0,0,0,0,0,0,0,0,0,0,0,1,0,0,0.8,3.94,1200,0,0,10,0,1
0,0,0,1,0,0,0,0,0,0,0,1,0,0,0,0,0,0,0,0,0.8,4.3,1440,0,0,12,0,1
0,0,0,0,0,0,0,0,0,0,0,0,0,0,0,0,0,0,0,1,0.8,15.26,3600,63,0,35,12261,1
0,0,0,0,0,0,0,0,0,0,0,1,0,0,0,0,0,0,0,0,0.8,22.52,5940,50,0,57,23122,1
0,0,0,0,0,0,0,0,0,0,0,0,0,0,0,0,1,0,0,0,0.75,29.12,6960,55,0,58,8992,1
0,0,0,1,0,0,0,0,0,0,0,0,0,0,0,0,0,0,0,1,0.75,4.08,1080,0,0,9,0,0
0,0,0,0,0,0,0,0,0,0,0,0,0,0,0,0,0,0,1,0,0.7,20.55,6480,60,0,54,9792,1
0,0,0,0,0,0,0,0,0,0,0,0,0,1,0,0,0,0,0,0,0.7,18.79,3960,30,0,33,2984,1
0,0,0,1,0,0,0,0,0,0,0,0,0,0,0,1,0,0,0,0,0.65,4.15,960,0,0,8,0,0
0,0,0,1,0,0,0,0,0,0,0,0,0,0,0,0,0,0,0,0,0.75,3.94,2280,0,0,19,0,0
0,0,0,0,0,0,0,0,0,0,0,0,1,0,0,0,0,0,0,0,0.5,30.1,6960,0,0,58,839,1
0,0,0,0,0,0,0,0,0,0,0,0,0,0,1,0,0,0,0,0,0.7,24.26,6720,0,0,56,2698,0
0,0,0,1,0,0,0,0,0,0,0,0,0,1,0,0,0,0,0,0,0.6,2.9,1200,0,0,10,0,0
0,0,0,0,0,0,0,0,0,0,0,0,0,0,0,1,0,0,0,0,0.65,24.26,6600,0,0,55,1435,0
0,0,0,1,0,0,0,1,0,1,0,0,0,0,0,0,0,0,0,0,0.8,3.94,2400,0,0,20,0,1
0,0,0,0,0,0,0,1,0,0,0,0,0,0,0,0,0,0,0,0,0.8,22.52,6900,113,0,58,1500,1
0,0,0,0,0,0,0,1,0,0,0,0,0,0,0,0,0,1,0,0,0.8,22.52,6720,90,0,56,1188,1
0,0,0,1,0,0,0,1,0,0,0,0,0,0,0,0,0,0,0,0,0.8,3.94,1200,0,0,10,0,1
0,0,0,1,0,0,0,1,0,0,0,0,0,0,0,1,0,0,0,0,0.7,4.15,960,0,0,8,0,1
0,0,0,0,0,0,0,1,0,0,1,0,0,0,0,0,0,0,0,0,0.8,22.52,6840,100,0,57,1112,1
0,0,0,0,0,0,0,1,0,1,0,0,0,0,0,0,0,0,0,0,0.8,22.52,6960,100,0,58,1452,1
0,0,0,1,0,0,0,1,0,0,0,0,0,0,0,0,1,0,0,0,0.75,3.94,1320,0,0,11,0,1
0,0,0,0,0,0,0,1,0,0,0,1,0,0,0,0,0,0,0,0,0.8,22.52,5460,63,0,57,340,1
0,0,0,0,0,0,0,1,0,0,0,0,0,0,0,0,0,0,0,1,0.8,15.26,2040,50,0,35,1029,1
0,0,0,1,0,0,0,1,0,0,0,0,0,0,0,0,0,0,0,1,0.8,4.08,1080,0,0,9,0,0
0,0,0,0,0,0,0,1,0,0,0,0,0,0,0,0,1,0,0,0,0.75,29.12,6960,34,0,58,1070,1
0,0,0,0,0,0,0,1,0,0,0,0,0,0,0,0,0,0,1,0,0.7,25.31,5760,60,0,54,946,1
0,0,0,0,0,0,0,1,0,0,0,0,0,1,0,0,0,0,0,0,0.7,18.79,4020,30,0,34,913,1
0,0,0,0,0,0,0,1,0,0,0,0,0,0,0,1,0,0,0,0,0.7,24.26,6660,0,0,56,1363,0
0,0,0,0,0,0,0,1,0,0,0,0,0,0,1,0,0,0,0,0,0.7,24.26,6720,0,0,56,1639,0
0,0,0,1,0,0,0,1,0,0,0,1,0,0,0,0,0,0,0,0,0.8,4.3,1440,0,0,12,0,0
0,0,0,1,0,0,0,1,0,0,0,0,0,1,0,0,0,0,0,0,0.7,2.9,960,0,0,8,0,0
0,0,0,0,0,0,0,1,0,0,0,0,1,0,0,0,0,0,0,0,0.6,30.1,6960,0,0,58,415,0
0,0,0,0,0,0,0,0,1,1,0,0,0,0,0,0,0,0,0,0,0.8,22.52,6900,100,0,58,1263,1
0,0,0,0,0,0,0,0,1,0,1,0,0,0,0,0,0,0,0,0,0.8,22.52,6840,113,0,57,968,1
0,0,0,0,0,0,0,0,1,0,0,0,0,0,0,0,0,1,0,0,0.8,22.52,6720,113,0,56,1108,1
0,0,0,1,0,0,0,0,1,1,0,0,0,0,0,0,0,0,0,0,0.8,3.94,2160,0,0,18,0,1
0,0,0,1,0,0,0,0,1,0,0,0,0,0,0,0,0,0,0,0,0.8,3.94,1200,0,0,10,0,1
0,0,0,1,0,0,0,0,1,0,0,0,0,0,0,1,0,0,0,0,0.7,4.15,3000,0,0,25,0,1
0,0,0,0,0,0,0,0,1,0,0,0,0,0,0,0,0,0,0,0,0.8,22.52,6900,88,0,58,1532,1
0,0,0,0,0,0,0,0,1,0,0,0,0,0,0,0,0,0,0,1,0.8,15.26,4080,38,0,34,1094,1
0,0,0,0,0,0,0,0,1,0,0,0,0,0,0,0,1,0,0,0,0.8,22.52,6960,50,0,58,1086,1
0,0,0,1,0,0,0,0,1,0,0,0,0,0,1,0,0,0,0,0,0.7,3.94,960,0,0,8,0,1
0,0,0,1,0,0,0,0,1,0,0,0,0,0,0,0,1,0,0,0,0.75,3.94,960,0,0,8,0,1
0,0,0,0,0,0,0,0,1,0,0,0,0,1,0,0,0,0,0,0,0.7,18.79,3360,30,0,33,941,1
0,0,0,0,0,0,0,0,1,0,0,0,0,0,1,0,0,0,0,0,0.7,24.26,6960,0,0,58,1471,1
0,0,0,0,0,0,0,0,1,0,0,0,0,0,0,0,0,0,1,0,0.7,10.05,6120,60,0,53,1042,1
0,0,0,0,0,0,0,0,1,0,0,0,0,0,0,1,0,0,0,0,0.7,29.12,6840,0,0,57,1248,1
0,0,0,1,0,0,0,0,1,0,0,0,0,0,0,0,0,0,0,1,0.8,4.08,1080,0,0,9,0,0
0,0,0,0,0,0,0,0,1,0,0,0,1,0,0,0,0,0,0,0,0.65,30.1,5820,0,0,59,326,1
0,0,0,1,0,0,0,0,1,0,0,0,0,1,0,0,0,0,0,0,0.7,2.9,960,0,0,8,0,0
0,0,0,0,0,0,0,0,1,0,0,1,0,0,0,0,0,0,0,0,0.35,30.1,6060,23,0,56,287,1
0,0,0,0,0,0,1,0,0,1,0,0,0,0,0,0,0,0,0,0,0.8,22.52,6780,113,0,57,1300,1
0,0,0,0,0,0,1,0,0,0,0,0,0,0,0,0,0,0,0,0,0.8,22.52,6900,113,0,58,1485,1
0,0,0,0,0,0,1,0,0,0,0,0,0,0,0,0,0,1,0,0,0.8,22.52,6720,113,0,56,1039,1
0,0,0,1,0,0,1,0,0,1,0,0,0,0,0,0,0,0,0,0,0.8,3.94,2640,0,0,22,0,1
0,0,0,0,0,0,1,0,0,0,1,0,0,0,0,0,0,0,0,0,0.8,22.52,6840,100,0,57,1063,1
0,0,0,1,0,0,1,0,0,0,0,0,0,1,0,0,0,0,0,0,0.7,2.9,960,0,0,8,0,1
0,0,0,1,0,0,1,0,0,0,0,0,0,0,0,0,0,0,0,1,0.8,4.08,1080,0,0,9,0,1
0,0,0,1,0,0,1,0,0,0,0,0,0,0,1,0,0,0,0,0,0.7,3.94,1200,0,0,10,0,1
0,0,0,1,0,0,1,0,0,0,0,0,0,0,0,0,0,0,0,0,0.8,3.94,1440,0,0,12,0,1
0,0,0,0,0,0,1,0,0,0,0,0,0,0,0,0,0,0,0,1,0.8,15.26,720,38,0,34,1083,1
0,0,0,0,0,0,1,0,0,0,0,0,0,0,0,0,1,0,0,0,0.8,29.12,6960,50,0,58,1069,1
0,0,0,1,0,0,1,0,0,0,0,0,0,0,0,0,0,1,0,0,0.8,3.94,960,0,0,8,0,0
0,0,0,0,0,0,1,0,0,0,0,0,0,0,0,0,0,0,1,0,0.75,10.05,2520,34,0,26,668,1
0,0,0,0,0,0,1,0,0,0,0,0,0,1,0,0,0,0,0,0,0.7,18.79,2760,30,0,33,766,1
0,0,0,0,0,0,1,0,0,0,0,0,1,0,0,0,0,0,0,0,0.7,30.1,6960,0,0,58,557,0
0,0,0,0,0,0,1,0,0,0,0,0,0,0,1,0,0,0,0,0,0.7,24.26,6960,0,0,58,1608,0
0,0,0,0,0,0,1,0,0,0,0,1,0,0,0,0,0,0,0,0,0.5,30.1,6360,23,1,53,417,1
0,0,0,0,0,0,1,0,0,0,0,0,0,0,0,1,0,0,0,0,0.7,24.26,6840,0,0,57,1167,0
0,0,0,1,1,0,0,0,0,1,0,0,0,0,0,0,0,0,0,0,0.8,3.94,3000,0,0,25,0,1
0,0,0,0,1,0,0,0,0,1,0,0,0,0,0,0,0,0,0,0,0.8,22.52,6900,113,0,58,1186,1
0,0,0,0,1,0,0,0,0,0,1,0,0,0,0,0,0,0,0,0,0.8,22.52,6840,100,0,57,1060,1
0,0,0,0,1,0,0,0,0,0,0,0,0,0,0,0,0,0,0,0,0.8,22.52,6780,88,0,57,1534,1
0,0,0,0,1,0,0,0,0,0,0,0,0,0,0,0,0,1,0,0,0.8,22.52,6720,88,0,56,1142,1
0,0,0,1,1,0,0,0,0,0,0,0,0,0,0,0,0,0,0,1,0.8,4.08,1080,0,0,9,0,1
0,0,0,1,1,0,0,0,0,0,0,0,0,0,0,0,0,0,0,0,0.8,3.94,1200,0,0,10,0,1
0,0,0,1,1,0,0,0,0,0,0,0,0,1,0,0,0,0,0,0,0.75,2.9,960,0,0,8,0,1
0,0,0,0,1,0,0,0,0,0,0,0,0,0,0,0,0,0,0,1,0.8,15.26,4080,63,0,34,1021,1
0,0,0,0,1,0,0,0,0,0,0,0,0,0,0,0,1,0,0,0,0.8,29.12,6960,50,0,58,829,1
0,0,0,1,1,0,0,0,0,0,0,0,0,0,0,0,1,0,0,0,0.8,3.94,960,0,0,8,0,0
0,0,0,0,1,0,0,0,0,0,0,0,0,1,0,0,0,0,0,0,0.75,18.79,1560,34,0,33,813,1
0,0,0,0,1,0,0,0,0,0,0,0,0,0,0,0,0,0,1,0,0.75,10.05,3240,45,0,27,677,1
0,0,0,1,1,0,0,0,0,0,0,0,0,0,1,0,0,0,0,0,0.7,3.94,1200,0,0,10,0,1
0,0,0,0,1,0,0,0,0,0,0,0,0,0,1,0,0,0,0,0,0.7,24.26,6960,0,0,58,658,0
0,0,0,0,1,0,0,0,0,0,0,1,0,0,0,0,0,0,0,0,0.6,30.1,6780,30,1,57,486,1
0,0,0,0,1,0,0,0,0,0,0,0,1,0,0,0,0,0,0,0,0.7,30.1,7500,0,0,59,687,0
0,0,0,1,1,0,0,0,0,0,0,1,0,0,0,0,0,0,0,0,0.8,4.3,960,0,0,8,0,0
0,0,0,0,1,0,0,0,0,0,0,0,0,0,0,1,0,0,0,0,0.7,24.26,6840,0,0,57,652,0
1,0,0,0,0,1,0,0,0,1,0,0,0,0,0,0,0,0,0,0,0.8,22.52,6900,113,0,58,1233,1
1,0,0,1,0,1,0,0,0,0,0,0,0,0,1,0,0,0,0,0,0.7,4.15,1440,0,0,12,0,1
1,0,0,0,0,1,0,0,0,0,0,0,0,0,0,0,0,1,0,0,0.8,22.52,6720,88,0,56,1388,1
1,0,0,0,0,1,0,0,0,0,0,0,0,0,0,0,0,0,0,0,0.8,22.52,6780,88,0,57,1615,1
1,0,0,0,0,1,0,0,0,0,1,0,0,0,0,0,0,0,0,0,0.8,22.52,6720,88,0,56,1283,1
1,0,0,1,0,1,0,0,0,0,0,0,0,0,0,0,0,0,0,0,0.8,3.94,1200,0,0,10,0,1
1,0,0,1,0,1,0,0,0,0,0,0,0,0,0,0,0,0,0,1,0.8,4.08,1080,0,0,9,0,1
1,0,0,1,0,1,0,0,0,1,0,0,0,0,0,0,0,0,0,0,0.8,3.94,2160,0,0,18,0,1
1,0,0,1,0,1,0,0,0,0,0,0,0,0,0,1,0,0,0,0,0.7,4.15,1800,0,0,15,0,1
1,0,0,0,0,1,0,0,0,0,0,0,0,0,0,0,0,0,0,1,0.8,15.26,2880,63,0,34,1026,1
1,0,0,0,0,1,0,0,0,0,0,0,0,0,0,0,1,0,0,0,0.8,29.12,6960,50,0,58,909,1
1,0,0,0,0,1,0,0,0,0,0,0,0,1,0,0,0,0,0,0,0.75,18.79,3960,34,0,33,670,1
1,0,0,0,0,1,0,0,0,0,0,0,0,0,0,0,0,0,1,0,0.75,10.05,3240,45,0,27,629,1
1,0,0,0,0,1,0,0,0,0,0,0,1,0,0,0,0,0,0,0,0.7,30.1,7020,0,0,59,754,1
1,0,0,1,0,1,0,0,0,0,0,0,0,1,0,0,0,0,0,0,0.75,2.9,960,0,0,8,0,0
1,0,0,1,0,1,0,0,0,0,0,0,0,0,0,0,1,0,0,0,0.8,3.94,960,0,0,8,0,0
1,0,0,0,0,1,0,0,0,0,0,1,0,0,0,0,0,0,0,0,0.65,30.1,6780,44,1,57,712,0
1,0,0,0,0,1,0,0,0,0,0,0,0,0,1,0,0,0,0,0,0.7,24.26,6960,0,0,58,148,0
1,0,0,0,0,1,0,0,0,0,0,0,0,0,0,1,0,0,0,0,0.7,24.26,6840,0,0,57,154,0
1,0,0,1,0,0,0,0,0,1,0,0,0,0,0,0,0,0,0,0,0.8,3.94,2160,0,0,18,0,1
1,0,0,1,0,0,0,0,0,0,0,0,0,0,0,0,0,0,0,0,0.8,3.94,1200,0,0,10,0,1
1,0,0,0,0,0,0,0,0,0,0,0,0,0,0,0,0,1,0,0,0.8,22.52,120,88,0,56,1127,1
1,0,0,0,0,0,0,0,0,0,0,0,0,0,0,0,0,0,0,0,0.8,22.52,3600,70,0,57,1506,1
1,0,0,0,0,0,0,0,0,1,0,0,0,0,0,0,0,0,0,0,0.8,22.52,360,70,0,57,1413,1
1,0,0,1,0,0,0,0,0,0,0,0,0,1,0,0,0,0,0,0,0.75,2.9,960,0,0,8,0,1
1,0,0,0,0,0,0,0,0,0,0,0,0,0,0,0,0,0,0,1,0.8,15.26,4080,63,0,34,970,1
1,0,0,0,0,0,0,0,0,0,1,0,0,0,0,0,0,0,0,0,0.8,22.52,5400,50,0,57,1271,1
1,0,0,0,0,0,0,0,0,0,0,0,0,0,0,0,1,0,0,0,0.8,29.12,6960,50,0,58,1073,1
1,0,0,0,0,0,0,0,0,0,0,1,0,0,0,0,0,0,0,0,0.7,30.1,3300,50,1,57,767,1
1,0,0,0,0,0,0,0,0,0,0,0,0,0,0,0,0,0,1,0,0.75,10.05,0,45,0,54,103,1
1,0,0,1,0,0,0,0,0,0,0,0,0,0,0,1,0,0,0,0,0.35,4.15,1800,0,0,15,0,1
1,0,0,0,0,0,0,0,0,0,0,0,1,0,0,0,0,0,0,0,0.7,30.1,7020,40,0,58,773,1
1,0,0,1,0,0,0,0,0,0,0,0,0,0,0,0,1,0,0,0,0.8,3.94,960,0,0,8,0,0
1,0,0,0,0,0,0,0,0,0,0,0,0,1,0,0,0,0,0,0,0.75,18.79,4080,0,0,34,708,0
1,0,0,0,0,0,0,0,0,0,0,0,0,0,1,0,0,0,0,0,0.35,30.1,6960,0,1,58,842,1
1,0,0,0,0,0,0,0,0,0,0,0,0,0,0,1,0,0,0,0,0.35,30.1,6960,0,1,58,901,1
1,0,0,1,0,0,0,0,0,0,0,0,0,0,0,0,0,0,0,1,0.8,4.08,1080,0,0,9,0,0
1,0,0,1,0,0,0,1,0,0,0,0,0,0,0,0,0,0,0,1,0.8,4.08,1080,0,0,9,0,1
1,0,0,1,0,0,0,1,0,1,0,0,0,0,0,0,0,0,0,0,0.8,3.94,2160,0,0,18,0,1
1,0,0,0,0,0,0,1,0,0,0,0,0,0,0,0,0,1,0,0,0.8,22.52,0,88,0,56,1268,1
1,0,0,0,0,0,0,1,0,0,0,0,0,0,0,0,0,0,0,0,0.8,22.52,0,88,0,57,1546,1
1,0,0,0,0,0,0,1,0,0,1,0,0,0,0,0,0,0,0,0,0.8,22.52,0,88,0,57,813,1
1,0,0,0,0,0,0,1,0,1,0,0,0,0,0,0,0,0,0,0,0.8,22.52,0,88,0,57,1512,1
1,0,0,1,0,0,0,1,0,0,0,0,0,0,0,0,0,0,0,0,0.8,3.94,1440,0,0,12,0,1
1,0,0,0,0,0,0,1,0,0,0,0,0,0,0,0,1,0,0,0,0.8,29.12,2160,38,0,58,1263,1
1,0,0,0,0,0,0,1,0,0,0,0,0,0,0,0,0,0,0,1,0.8,15.26,4080,50,0,34,900,1
1,0,0,1,0,0,0,1,0,0,0,1,0,0,0,0,0,0,0,0,0.7,4.15,1800,0,0,15,0,1
1,0,0,0,0,0,0,1,0,0,0,0,0,1,0,0,0,0,0,0,0.75,18.79,2400,0,0,34,640,1
1,0,0,0,0,0,0,1,0,0,0,0,0,0,0,0,0,0,1,0,0.8,10.05,3240,34,0,54,13,0
1,0,0,0,0,0,0,1,0,0,0,0,1,0,0,0,0,0,0,0,0.75,30.1,7020,45,0,58,855,1
1,0,0,1,0,0,0,1,0,0,0,0,0,0,0,1,0,0,0,0,0.35,4.15,960,0,0,8,0,1
1,0,0,0,0,0,0,1,0,0,0,1,0,0,0,0,0,0,0,0,0.7,30.1,7020,40,1,58,855,1
1,0,0,1,0,0,0,1,0,0,0,0,0,0,0,0,1,0,0,0,0.8,3.94,960,0,0,8,0,0
1,0,0,1,0,0,0,1,0,0,0,0,0,1,0,0,0,0,0,0,0.75,2.9,960,0,0,8,0,0
1,0,0,0,0,0,0,1,0,0,0,0,0,0,1,0,0,0,0,0,0.5,30.1,6960,23,1,58,1025,1
1,0,0,0,0,0,0,1,0,0,0,0,0,0,0,1,0,0,0,0,0.5,30.1,6960,30,1,58,1061,0
1,0,0,1,0,0,0,0,1,0,0,1,0,0,0,0,0,0,0,0,0.7,4.15,1800,0,0,15,0,1
1,0,0,1,0,0,0,0,1,0,0,0,0,0,0,0,0,0,0,1,0.8,4.08,1080,0,0,9,0,1
1,0,0,0,0,0,0,0,1,1,0,0,0,0,0,0,0,0,0,0,0.8,22.52,0,90,0,58,1557,1
1,0,0,0,0,0,0,0,1,0,0,0,0,0,0,0,0,0,0,0,0.8,22.52,0,113,0,57,1498,1
1,0,0,1,0,0,0,0,1,0,0,0,0,0,0,1,0,0,0,0,0.35,4.15,1440,0,0,12,0,1
1,0,0,1,0,0,0,0,1,1,0,0,0,0,0,0,0,0,0,0,0.8,3.94,2160,0,0,18,0,1
1,0,0,1,0,0,0,0,1,0,0,0,1,0,0,0,0,0,0,0,0.7,4.15,240,0,0,2,0,1
1,0,0,0,0,0,0,0,1,0,0,0,0,0,0,0,0,1,0,0,0.8,22.52,0,75,0,56,598,1
1,0,0,0,0,0,0,0,1,0,0,0,0,1,0,0,0,0,0,0,0.8,18.79,3480,38,0,34,656,1
1,0,0,0,0,0,0,0,1,0,0,0,0,0,0,0,0,0,0,1,0.8,15.26,4080,50,0,34,854,1
1,0,0,0,0,0,0,0,1,0,0,0,0,0,0,0,1,0,0,0,0.8,29.12,3240,50,0,58,609,1
1,0,0,0,0,0,0,0,1,0,0,0,1,0,0,0,0,0,0,0,0.75,30.1,7380,56,0,60,788,1
1,0,0,0,0,0,0,0,1,0,0,0,0,0,0,1,0,0,0,0,0.6,30.1,4560,30,1,58,1069,1
1,0,0,0,0,0,0,0,1,0,0,1,0,0,0,0,0,0,0,0,0.7,30.1,5940,40,1,60,667,1
1,0,0,1,0,0,0,0,1,0,0,0,0,0,0,0,0,0,0,0,0.8,3.94,1440,0,0,12,0,0
1,0,0,0,0,0,0,0,1,0,0,0,0,0,1,0,0,0,0,0,0.6,30.1,3360,23,1,58,829,1
1,0,0,1,0,0,0,0,1,0,0,0,0,0,0,0,1,0,0,0,0.8,3.94,960,0,0,8,0,0
1,0,0,0,0,0,0,0,1,0,1,0,0,0,0,0,0,0,0,0,0.8,22.52,6840,0,1,57,11,0
1,0,0,0,0,0,0,0,1,0,0,0,0,0,0,0,0,0,1,0,0.35,11.41,3240,0,1,52,434,1
1,0,0,0,0,0,1,0,0,0,0,0,0,0,0,0,0,0,0,0,0.8,22.52,0,138,0,57,1397,1
1,0,0,1,0,0,1,0,0,0,0,1,0,0,0,0,0,0,0,0,0.7,4.15,1800,0,0,15,0,1
1,0,0,0,0,0,1,0,0,1,0,0,0,0,0,0,0,0,0,0,0.8,22.52,0,113,0,58,1327,1
1,0,0,1,0,0,1,0,0,0,0,0,0,0,0,0,0,0,0,1,0.8,4.08,1080,0,0,9,0,1
1,0,0,0,0,0,1,0,0,0,0,0,0,0,0,0,0,0,0,1,0.8,15.26,4080,50,0,34,894,1
1,0,0,1,0,0,1,0,0,0,0,0,0,0,0,1,0,0,0,0,0.35,4.15,1440,0,0,12,0,1
1,0,0,0,0,0,1,0,0,0,0,0,1,0,0,0,0,0,0,0,0.75,30.1,7080,56,0,59,610,1
1,0,0,0,0,0,1,0,0,0,0,0,0,1,0,0,0,0,0,0,0.8,18.79,3960,0,0,33,779,0
1,0,0,1,0,0,1,0,0,0,0,0,0,0,0,0,0,0,0,0,0.8,3.94,1440,0,0,12,0,0
1,0,0,1,0,0,1,0,0,0,0,0,0,0,0,0,1,0,0,0,0.8,3.94,960,0,0,8,0,0
1,0,0,0,0,0,1,0,0,0,0,1,0,0,0,0,0,0,0,0,0.7,30.1,7080,0,1,59,419,0
1,0,0,1,0,0,1,0,0,1,0,0,0,0,0,0,0,0,0,0,0.8,3.94,2160,0,0,18,0,0
1,0,0,1,0,0,1,0,0,0,0,0,1,0,0,0,0,0,0,0,0.7,4.15,240,0,0,2,0,0
1,0,0,0,0,0,1,0,0,0,0,0,0,0,1,0,0,0,0,0,0.65,30.1,7080,0,1,59,909,0
1,0,0,0,0,0,1,0,0,0,0,0,0,0,0,0,0,0,1,0,0.5,11.41,2280,0,1,55,1039,1
1,0,0,0,0,0,1,0,0,0,0,0,0,0,0,0,1,0,0,0,0.8,29.12,6960,0,0,58,14,0
1,0,0,0,0,0,1,0,0,0,0,0,0,0,0,1,0,0,0,0,0.65,30.1,7080,0,1,59,1193,0
1,0,0,0,0,0,1,0,0,0,0,0,0,0,0,0,0,1,0,0,0.8,22.52,6000,0,0,50,10,0
1,0,0,0,0,0,1,0,0,0,1,0,0,0,0,0,0,0,0,0,0.35,30.1,6960,0,1,58,770,1
1,0,0,0,1,0,0,0,0,0,0,0,0,0,0,0,0,0,0,0,0.8,22.52,6840,113,0,57,1416,1
1,0,0,1,1,0,0,0,0,0,0,0,0,0,1,0,0,0,0,0,0.7,4.15,1800,0,0,15,0,1
1,0,0,1,1,0,0,0,0,0,0,1,0,0,0,0,0,0,0,0,0.75,4.15,2400,0,0,20,0,1
1,0,0,1,1,0,0,0,0,0,0,0,0,0,0,0,0,0,0,1,0.8,4.08,1080,0,0,9,0,1
1,0,0,0,1,0,0,0,0,0,0,0,0,0,0,0,0,0,0,1,0.8,15.26,4080,63,0,34,942,1
1,0,0,0,1,0,0,0,0,1,0,0,0,0,0,0,0,0,0,0,0.8,22.52,3660,63,0,57,674,1
1,0,0,1,1,0,0,0,0,0,0,0,0,0,0,0,0,0,0,0,0.8,3.94,1440,0,0,12,0,1
1,0,0,0,1,0,0,0,0,0,0,1,0,0,0,0,0,0,0,0,0.75,30.1,7140,0,1,59,481,1
1,0,0,0,1,0,0,0,0,0,0,0,1,0,0,0,0,0,0,0,0.75,30.1,7140,56,0,59,664,1
1,0,0,1,1,0,0,0,0,0,0,0,0,0,0,1,0,0,0,0,0.7,4.15,960,0,0,8,0,1
1,0,0,0,1,0,0,0,0,0,0,0,0,0,0,1,0,0,0,0,0.7,30.1,5160,0,1,60,824,1
1,0,0,0,1,0,0,0,0,0,0,0,0,0,1,0,0,0,0,0,0.7,30.1,7200,0,1,60,957,0
1,0,0,0,1,0,0,0,0,0,0,0,0,0,0,0,0,0,1,0,0.6,11.41,2280,23,1,55,1039,1
1,0,0,0,1,0,0,0,0,0,0,0,0,1,0,0,0,0,0,0,0.8,18.79,4080,0,0,34,822,0
1,0,0,0,1,0,0,0,0,0,1,0,0,0,0,0,0,0,0,0,0.5,30.1,6960,30,1,58,1261,1
1,0,0,1,1,0,0,0,0,0,0,0,0,1,0,0,0,0,0,0,0.8,2.9,960,0,0,8,0,0
1,0,0,1,1,0,0,0,0,0,0,0,0,0,0,0,1,0,0,0,0.8,3.94,960,0,0,8,0,0
0,1,0,1,0,1,0,0,0,0,0,0,0,0,0,0,0,0,0,0,0.8,3.94,960,0,0,8,0,1
0,1,0,1,0,1,0,0,0,1,0,0,0,0,0,0,0,0,0,0,0.8,3.94,960,0,0,8,0,1
0,1,0,0,0,1,0,0,0,0,0,0,0,0,0,0,0,0,0,0,0.8,22.52,6840,113,0,57,1420,1
0,1,0,1,0,1,0,0,0,0,0,0,0,0,0,0,0,0,0,1,0.8,4.08,1080,0,0,9,0,1
0,1,0,0,0,1,0,0,0,0,0,0,0,0,0,0,0,0,0,1,0.8,15.26,1440,50,0,34,1120,1
0,1,0,1,0,1,0,0,0,0,0,0,1,0,0,0,0,0,0,0,0.75,4.15,240,0,0,2,0,1
0,1,0,0,0,1,0,0,0,0,0,0,1,0,0,0,0,0,0,0,0.8,30.1,7140,0,0,60,679,0
0,1,0,1,0,1,0,0,0,0,0,0,0,0,0,0,0,0,1,0,0.6,2.9,1200,0,0,10,0,1
0,1,0,0,0,1,0,0,0,0,0,0,0,0,1,0,0,0,0,0,0.7,30.1,7080,0,1,59,881,1
0,1,0,0,0,1,0,0,0,0,0,0,0,0,0,1,0,0,0,0,0.7,30.1,5880,40,1,59,507,1
0,1,0,0,0,1,0,0,0,0,0,0,0,1,0,0,0,0,0,0,0.75,18.79,4080,0,0,34,814,0
0,1,0,0,0,1,0,0,0,0,0,0,0,0,0,0,0,0,1,0,0.65,11.41,2640,23,1,53,700,1
0,1,0,1,0,1,0,0,0,0,0,0,0,0,0,1,0,0,0,0,0.7,4.15,960,0,0,8,0,0
0,1,0,1,0,1,0,0,0,0,0,0,0,1,0,0,0,0,0,0,0.8,2.9,960,0,0,8,0,0
0,1,0,0,0,1,0,0,0,0,0,1,0,0,0,0,0,0,0,0,0.75,30.1,7140,0,1,60,919,0
0,1,0,0,0,1,0,0,0,0,1,0,0,0,0,0,0,0,0,0,0.6,30.1,6960,30,1,58,1361,0
0,1,0,0,0,1,0,0,0,1,0,0,0,0,0,0,0,0,0,0,0.8,22.52,6900,0,0,58,12,0
0,1,0,1,0,1,0,0,0,0,0,1,0,0,0,0,0,0,0,0,0.75,4.15,2400,0,0,20,0,0
0,1,0,0,0,1,0,0,0,0,0,0,0,0,0,0,1,0,0,0,0.5,18.79,5280,0,1,54,1688,0
0,1,0,0,0,0,0,0,0,0,0,0,0,0,0,0,0,0,0,0,0.8,22.52,6840,113,0,57,1422,1
0,1,0,1,0,0,0,0,0,0,0,0,0,0,0,0,1,0,0,0,0.8,3.94,1200,0,0,10,0,1
0,1,0,1,0,0,0,0,0,0,0,0,0,0,0,0,0,0,0,1,0.8,4.08,1080,0,0,9,0,1
0,1,0,1,0,0,0,0,0,0,1,0,0,0,0,0,0,0,0,0,0.5,4.15,960,0,0,8,0,1
0,1,0,0,0,0,0,0,0,0,1,0,0,0,0,0,0,0,0,0,0.65,30.1,600,63,1,58,1263,1
0,1,0,0,0,0,0,0,0,0,0,0,1,0,0,0,0,0,0,0,0.8,30.1,0,0,0,59,461,1
0,1,0,0,0,0,0,0,0,0,0,0,0,0,0,0,0,0,0,1,0.8,15.26,3720,38,0,34,1079,1
0,1,0,1,0,0,0,0,0,0,0,0,0,1,0,0,0,0,0,0,0.8,2.9,960,0,0,8,0,0
0,1,0,0,0,0,0,0,0,0,0,0,0,1,0,0,0,0,0,0,0.75,18.79,3960,0,0,33,895,1
0,1,0,0,0,0,0,0,0,0,0,1,0,0,0,0,0,0,0,0,0.75,30.1,7020,0,1,58,912,1
0,1,0,1,0,0,0,0,0,0,0,1,0,0,0,0,0,0,0,0,0.75,4.15,1800,0,0,15,0,0
0,1,0,0,0,0,0,0,0,0,0,0,0,0,1,0,0,0,0,0,0.7,30.1,600,30,1,59,784,1
0,1,0,1,0,0,0,0,0,0,0,0,1,0,0,0,0,0,0,0,0.75,4.15,1200,0,0,10,0,0
0,1,0,0,0,0,0,0,0,0,0,0,0,0,0,1,0,0,0,0,0.7,30.1,7080,27,1,59,7,0
0,1,0,0,0,0,0,0,0,0,0,0,0,0,0,0,0,0,1,0,0.7,11.41,2160,30,1,54,680,0
0,1,0,0,0,0,0,0,0,0,0,0,0,0,0,0,0,1,0,0,0.6,18.22,5280,0,1,44,1131,0
0,1,0,0,0,0,0,0,0,0,0,0,0,0,0,0,1,0,0,0,0.6,18.79,5400,0,1,54,2103,0
0,1,0,1,0,0,0,0,0,0,0,0,0,0,1,0,0,0,0,0,0.7,4.15,1800,0,0,15,0,0
0,1,0,0,0,0,0,1,0,0,0,0,0,0,0,0,0,0,0,0,0.8,22.52,6840,113,0,57,1445,1
0,1,0,1,0,0,0,1,0,0,0,0,0,0,0,0,0,1,0,0,0.8,3.94,960,0,0,8,0,1
0,1,0,1,0,0,0,1,0,0,0,0,0,0,1,0,0,0,0,0,0.7,5.13,1200,0,0,10,0,1
0,1,0,1,0,0,0,1,0,0,0,0,0,0,0,0,0,0,0,1,0.8,5.13,1080,0,0,9,0,1
0,1,0,0,0,0,0,1,0,0,0,0,0,0,0,0,0,0,0,1,0.8,15.26,4080,38,0,34,1133,1
0,1,0,1,0,0,0,1,0,0,1,0,0,0,0,0,0,0,0,0,0.5,5.13,1800,0,0,15,0,1
0,1,0,0,0,0,0,1,0,0,0,0,0,1,0,0,0,0,0,0,0.75,18.79,3360,0,0,33,726,1
0,1,0,0,0,0,0,1,0,0,0,1,0,0,0,0,0,0,0,0,0.75,30.1,7020,45,1,58,849,1
0,1,0,1,0,0,0,1,0,0,0,0,0,1,0,0,0,0,0,0,0.8,2.9,960,0,0,8,0,0
0,1,0,0,0,0,0,1,0,0,0,0,0,0,1,0,0,0,0,0,0.7,30.1,840,30,1,59,562,1
0,1,0,0,0,0,0,1,0,0,0,0,0,0,0,0,0,0,1,0,0.7,11.41,3420,30,1,56,1054,1
0,1,0,0,0,0,0,1,0,0,1,0,0,0,0,0,0,0,0,0,0.7,30.1,6960,50,1,58,1422,1
0,1,0,1,0,0,0,1,0,0,0,1,0,0,0,0,0,0,0,0,0.75,5.13,960,0,0,8,0,0
0,1,0,0,0,0,0,1,0,0,0,0,1,0,0,0,0,0,0,0,0.8,30.1,7140,0,0,59,680,0
0,1,0,0,0,0,0,1,0,0,0,0,0,0,0,0,1,0,0,0,0.65,18.79,5520,0,1,51,2120,1
0,1,0,0,0,0,0,1,0,0,0,0,0,0,0,1,0,0,0,0,0.6,29.4,0,23,1,58,179,1
0,1,0,1,0,0,0,1,0,0,0,0,0,0,0,0,1,0,0,0,0.8,3.94,960,0,0,8,0,0
0,1,0,1,0,0,0,1,0,1,0,0,0,0,0,0,0,0,0,0,0.8,5.13,1800,0,0,15,0,0
0,1,0,0,0,0,0,1,0,1,0,0,0,0,0,0,0,0,0,0,0.5,30.33,6720,0,1,56,838,0
0,1,0,0,0,0,0,1,0,0,0,0,0,0,0,0,0,1,0,0,0.65,18.22,0,0,1,49,741,0
0,1,0,1,0,0,0,0,1,0,0,0,0,0,0,0,0,0,0,1,0.8,5.13,1200,0,0,10,0,1
0,1,0,1,0,0,0,0,1,0,0,0,0,1,0,0,0,0,0,0,0.8,2.9,1440,0,0,12,0,1
0,1,0,1,0,0,0,0,1,1,0,0,0,0,0,0,0,0,0,0,0.8,5.13,1440,0,0,12,0,1
0,1,0,0,0,0,0,0,1,0,0,0,0,0,0,0,0,0,1,0,0.7,11.41,3360,30,1,56,685,1
0,1,0,0,0,0,0,0,1,0,0,1,0,0,0,0,0,0,0,0,0.8,30.1,480,50,1,58,864,1
0,1,0,0,0,0,0,0,1,0,0,0,1,0,0,0,0,0,0,0,0.8,30.1,0,0,0,59,511,1
0,1,0,0,0,0,0,0,1,0,0,0,0,0,0,0,0,0,0,1,0.8,15.26,4080,63,0,34,1095,1
0,1,0,0,0,0,0,0,1,0,0,0,0,0,0,0,0,0,0,0,0.8,22.52,3960,63,0,57,1374,1
0,1,0,0,0,0,0,0,1,0,0,0,0,1,0,0,0,0,0,0,0.75,18.79,3960,34,0,33,759,1
0,1,0,0,0,0,0,0,1,0,0,0,0,0,1,0,0,0,0,0,0.75,30.1,2280,45,1,59,553,1
0,1,0,1,0,0,0,0,1,0,0,1,0,0,0,0,0,0,0,0,0.75,5.13,960,0,0,8,0,0
0,1,0,0,0,0,0,0,1,0,1,0,0,0,0,0,0,0,0,0,0.7,30.1,0,40,1,58,1057,1
0,1,0,0,0,0,0,0,1,0,0,0,0,0,0,0,1,0,0,0,0.7,18.79,4560,30,1,51,1587,1
0,1,0,1,0,0,0,0,1,0,0,0,0,0,1,0,0,0,0,0,0.7,5.13,960,0,0,8,0,0
0,1,0,1,0,0,0,0,1,0,0,0,0,0,0,0,0,1,0,0,0.8,3.94,960,0,0,8,0,0
0,1,0,1,0,0,0,0,1,0,0,0,0,0,0,1,0,0,0,0,0.7,5.13,960,0,0,8,0,0
0,1,0,1,0,0,0,0,1,0,0,0,0,0,0,0,1,0,0,0,0.8,3.94,960,0,0,8,0,0
0,1,0,0,0,0,0,0,1,1,0,0,0,0,0,0,0,0,0,0,0.6,30.33,6840,0,1,57,868,0
0,1,0,0,0,0,0,0,1,0,0,0,0,0,0,0,0,1,0,0,0.7,19.68,5640,0,1,47,1119,0
0,1,0,1,0,0,0,0,1,0,1,0,0,0,0,0,0,0,0,0,0.5,5.13,960,0,0,8,0,0
0,1,0,0,0,0,0,0,1,0,0,0,0,0,0,1,0,0,0,0,0.65,29.4,4560,0,1,57,962,0
0,1,0,1,0,0,1,0,0,0,1,0,0,0,0,0,0,0,0,0,0.5,5.13,2880,0,0,12,0,1
0,1,0,0,0,0,1,0,0,0,0,0,0,0,0,0,0,0,0,1,0.8,15.26,1080,38,0,34,1126,1
0,1,0,0,0,0,1,0,0,0,0,0,0,0,0,0,0,0,0,0,0.8,22.52,3840,63,0,57,265,1
0,1,0,0,0,0,1,0,0,0,0,1,0,0,0,0,0,0,0,0,0.8,30.1,7020,63,1,59,859,1
0,1,0,0,0,0,1,0,0,0,0,0,1,0,0,0,0,0,0,0,0.8,30.1,600,63,0,60,276,1
0,1,0,1,0,0,1,0,0,0,0,0,0,1,0,0,0,0,0,0,0.8,2.9,4320,0,0,18,0,0
0,1,0,0,0,0,1,0,0,0,0,0,0,1,0,0,0,0,0,0,0.75,18.79,3960,56,0,33,899,1
0,1,0,1,0,0,1,0,0,0,0,0,0,0,0,0,0,1,0,0,0.8,3.94,2400,0,0,10,0,0
0,1,0,1,0,0,1,0,0,1,0,0,0,0,0,0,0,0,0,0,0.8,5.13,3600,0,0,15,0,0
0,1,0,0,0,0,1,0,0,0,1,0,0,0,0,0,0,0,0,0,0.7,30.1,6960,50,1,58,247,1
0,1,0,0,0,0,1,0,0,0,0,0,0,0,0,0,0,0,1,0,0.7,11.41,3480,30,1,58,653,1
0,1,0,0,0,0,1,0,0,0,0,0,0,0,0,1,0,0,0,0,0.7,29.4,6240,0,1,57,1116,1
0,1,0,1,0,0,1,0,0,0,0,1,0,0,0,0,0,0,0,0,0.75,5.13,1920,0,0,8,0,0
0,1,0,1,0,0,1,0,0,0,0,0,0,0,0,1,0,0,0,0,0.7,5.13,1920,0,0,8,0,0
0,1,0,0,0,0,1,0,0,0,0,0,0,0,0,0,1,0,0,0,0.7,18.79,6120,30,1,51,1603,0
0,1,0,1,0,0,1,0,0,0,0,0,1,0,0,0,0,0,0,0,0.75,5.13,1920,0,0,8,0,0
0,1,0,0,0,0,1,0,0,0,0,0,0,0,1,0,0,0,0,0,0.75,30.1,0,0,1,59,444,0
0,1,0,1,0,0,1,0,0,0,0,0,0,0,0,0,0,0,0,1,0.8,5.13,2160,0,0,9,0,0
0,1,0,0,0,0,1,0,0,1,0,0,0,0,0,0,0,0,0,0,0.65,30.33,6840,0,1,57,841,0
0,1,0,0,0,0,1,0,0,0,0,0,0,0,0,0,0,1,0,0,0.7,19.68,5760,0,1,48,1410,0
0,0,1,1,0,1,0,0,0,0,1,0,0,0,0,0,0,0,0,0,0.5,5.13,1800,0,0,15,0,1
0,0,1,1,0,1,0,0,0,0,0,0,0,1,0,0,0,0,0,0,0.8,2.9,960,0,0,8,0,1
0,0,1,1,0,1,0,0,0,1,0,0,0,0,0,0,0,0,0,0,0.8,5.13,4800,0,0,20,0,1
0,0,1,1,0,1,0,0,0,0,0,0,0,0,0,0,0,0,1,0,0.6,2.9,2880,0,0,12,0,1
0,0,1,0,0,1,0,0,0,0,0,0,0,0,0,0,0,0,0,1,0.8,15.26,4080,63,0,34,1103,1
0,0,1,0,0,1,0,0,0,0,0,1,0,0,0,0,0,0,0,0,0.8,30.1,5820,63,1,59,922,1
0,0,1,1,0,1,0,0,0,0,0,0,0,0,0,0,0,0,0,1,0.8,5.13,2400,0,0,10,0,0
0,0,1,1,0,1,0,0,0,0,0,0,0,0,0,0,1,0,0,0,0.8,3.94,2400,0,0,10,0,0
0,0,1,0,0,1,0,0,0,0,0,0,0,1,0,0,0,0,0,0,0.75,18.79,3960,45,0,33,1055,1
0,0,1,1,0,1,0,0,0,0,0,0,0,0,0,0,0,0,0,0,0.8,3.94,2880,0,0,12,0,0
0,0,1,0,0,1,0,0,0,0,0,0,0,0,0,1,0,0,0,0,0.7,29.4,6840,40,1,57,1146,1
0,0,1,0,0,1,0,0,0,1,0,0,0,0,0,0,0,0,0,0,0.7,30.33,6840,0,1,57,746,1
0,0,1,0,0,1,0,0,0,0,0,0,0,0,0,0,0,0,1,0,0.75,11.41,3480,0,1,58,834,0
0,0,1,0,0,1,0,0,0,0,0,0,0,0,0,0,1,0,0,0,0.7,18.79,3240,30,1,57,1717,0
0,0,1,0,0,1,0,0,0,0,1,0,0,0,0,0,0,0,0,0,0.7,30.1,8160,33,1,58,1041,0
0,0,1,0,0,1,0,0,0,0,0,0,0,0,0,0,0,1,0,0,0.7,21.25,6000,0,1,50,1531,0
0,0,1,0,0,1,0,0,0,0,0,0,0,0,1,0,0,0,0,0,0.75,30.1,6960,0,1,58,627,0
0,0,1,1,0,1,0,0,0,0,0,0,0,0,0,0,0,1,0,0,0.8,3.94,960,0,0,8,0,0
0,0,1,0,0,1,0,0,0,0,0,0,1,0,0,0,0,0,0,0,0.8,30.1,5700,0,0,60,450,0
0,0,1,1,0,1,0,0,0,0,0,0,0,0,1,0,0,0,0,0,0.7,5.13,960,0,0,8,0,0
0,0,1,1,0,0,0,0,0,0,0,0,0,0,0,0,0,1,0,0,0.8,3.94,2400,0,0,20,0,1
0,0,1,1,0,0,0,0,0,0,0,0,0,0,0,1,0,0,0,0,0.7,5.13,960,0,0,8,0,1
0,0,1,1,0,0,0,0,0,0,0,0,0,0,0,0,0,0,0,1,0.8,5.13,1080,0,0,9,0,1
0,0,1,1,0,0,0,0,0,0,1,0,0,0,0,0,0,0,0,0,0.8,5.13,2160,0,0,18,0,1
0,0,1,0,0,0,0,0,0,0,0,0,0,0,0,0,0,0,0,1,0.8,15.26,4080,63,0,34,1060,1
0,0,1,0,0,0,0,0,0,0,0,1,0,0,0,0,0,0,0,0,0.8,30.1,7140,38,1,59,891,1
0,0,1,0,0,0,0,0,0,0,0,0,1,0,0,0,0,0,0,0,0.8,30.1,7140,38,0,59,541,1
0,0,1,0,0,0,0,0,0,0,0,0,0,0,1,0,0,0,0,0,0.75,30.1,6960,45,1,58,709,1
0,0,1,0,0,0,0,0,0,0,0,0,0,1,0,0,0,0,0,0,0.75,18.79,3960,45,0,33,1100,1
0,0,1,0,0,0,0,0,0,0,0,0,0,0,0,0,0,0,1,0,0.75,11.41,2820,0,1,58,826,1
0,0,1,0,0,0,0,0,0,1,0,0,0,0,0,0,0,0,0,0,0.7,30.33,2160,30,1,58,577,1
0,0,1,0,0,0,0,0,0,0,0,0,0,0,0,1,0,0,0,0,0.7,29.4,6840,40,1,57,1094,1
0,0,1,0,0,0,0,0,0,0,1,0,0,0,0,0,0,0,0,0,0.7,29.4,6960,30,1,58,1228,1
0,0,1,0,0,0,0,0,0,0,0,0,0,0,0,0,1,0,0,0,0.7,18.79,6000,40,1,50,1641,0
0,0,1,0,0,0,0,0,0,0,0,0,0,0,0,0,0,1,0,0,0.7,21.25,6000,0,1,50,1583,0
0,0,1,1,0,0,0,0,0,0,0,0,0,1,0,0,0,0,0,0,0.8,2.9,960,0,0,8,0,0
0,0,1,1,0,0,0,0,0,0,0,0,0,0,0,0,1,0,0,0,0.8,2.9,960,0,0,8,0,0
0,0,1,1,0,0,0,0,0,1,0,0,0,0,0,0,0,0,0,0,0.8,5.13,960,0,0,8,0,0
0,0,1,1,0,0,0,0,0,0,0,0,0,0,1,0,0,0,0,0,0.7,5.13,960,0,0,8,0,0
0,0,1,1,0,0,0,1,0,0,0,0,0,0,0,0,0,1,0,0,0.7,2.9,1800,0,0,15,0,1
0,0,1,1,0,0,0,1,0,0,1,0,0,0,0,0,0,0,0,0,0.8,4.6,1440,0,0,12,0,1
0,0,1,0,0,0,0,1,0,0,0,0,0,0,0,0,0,0,0,1,0.8,15.26,4080,50,0,34,1062,1
0,0,1,0,0,0,0,1,0,0,0,0,1,0,0,0,0,0,0,0,0.8,30.1,7140,50,0,60,450,1
0,0,1,0,0,0,0,1,0,0,0,1,0,0,0,0,0,0,0,0,0.8,30.1,6480,50,1,59,901,1
0,0,1,1,0,0,0,1,0,0,0,0,0,0,0,1,0,0,0,0,0.7,4.6,960,0,0,8,0,1
0,0,1,0,0,0,0,1,0,0,0,0,0,0,1,0,0,0,0,0,0.75,30.1,5640,45,1,59,739,1
0,0,1,0,0,0,0,1,0,0,0,0,0,1,0,0,0,0,0,0,0.75,18.79,3360,45,0,33,913,1
0,0,1,0,0,0,0,1,0,0,0,0,0,0,0,0,0,0,1,0,0.75,11.61,3360,34,1,57,698,1
0,0,1,0,0,0,0,1,0,0,1,0,0,0,0,0,0,0,0,0,0.75,29.4,5340,45,1,60,1172,1
0,0,1,1,0,0,0,1,0,0,0,0,0,1,0,0,0,0,0,0,0.75,2.9,1800,0,0,15,0,0
0,0,1,1,0,0,0,1,0,0,0,0,0,0,0,0,1,0,0,0,0.7,2.9,1800,0,0,15,0,1
0,0,1,0,0,0,0,1,0,1,0,0,0,0,0,0,0,0,0,0,0.7,30.33,1680,30,1,59,408,1
0,0,1,0,0,0,0,1,0,0,0,0,0,0,0,1,0,0,0,0,0.7,29.4,4560,40,1,58,1079,1
0,0,1,0,0,0,0,1,0,0,0,0,0,0,0,0,1,0,0,0,0.7,18.79,3000,30,1,52,1068,1
0,0,1,1,0,0,0,1,0,0,0,0,0,0,0,0,0,0,1,0,0.7,2.9,960,0,0,8,0,0
0,0,1,0,0,0,0,1,0,0,0,0,0,0,0,0,0,1,0,0,0.7,21.25,6360,0,1,53,1834,0
0,0,1,1,0,0,0,1,0,1,0,0,0,0,0,0,0,0,0,0,0.7,3.9,960,0,0,8,0,0
0,0,1,0,0,0,0,1,0,0,0,0,0,0,0,0,0,0,0,0,0.6,22.53,5040,0,1,42,708,0
0,0,1,0,0,0,0,0,1,0,0,0,0,0,0,0,1,0,0,0,0.75,18.79,6240,56,1,52,1085,1
0,0,1,1,0,0,0,0,1,0,0,0,1,0,0,0,0,0,0,0,0.8,4.6,1080,0,0,9,0,1
0,0,1,1,0,0,0,0,1,0,1,0,0,0,0,0,0,0,0,0,0.8,4.6,2400,0,0,20,0,1
0,0,1,1,0,0,0,0,1,0,0,0,0,0,0,0,0,0,0,1,0.8,4.6,1800,0,0,15,0,1
0,0,1,1,0,0,0,0,1,0,0,0,0,0,0,0,0,1,0,0,0.7,2.9,1200,0,0,10,0,1
0,0,1,0,0,0,0,0,1,0,0,1,0,0,0,0,0,0,0,0,0.8,30.1,4080,50,1,59,323,1
0,0,1,0,0,0,0,0,1,0,0,0,0,0,0,0,0,0,0,1,0.8,15.26,4080,50,0,34,1053,1
0,0,1,0,0,0,0,0,1,0,0,0,0,0,1,0,0,0,0,0,0.8,30.1,7080,50,1,59,786,1
0,0,1,0,0,0,0,0,1,0,0,0,0,1,0,0,0,0,0,0,0.75,18.79,3960,45,1,33,1003,1
0,0,1,0,0,0,0,0,1,0,0,0,0,0,0,0,0,0,1,0,0.75,11.61,3360,45,0,57,635,1
0,0,1,0,0,0,0,0,1,0,1,0,0,0,0,0,0,0,0,0,0.75,29.4,6960,45,1,58,1283,1
0,0,1,0,0,0,0,0,1,0,0,0,0,0,0,1,0,0,0,0,0.7,29.4,6960,30,1,58,847,1
0,0,1,0,0,0,0,0,1,1,0,0,0,0,0,0,0,0,0,0,0.7,30.33,3960,30,1,58,361,1
0,0,1,0,0,0,0,0,1,0,0,0,0,0,0,0,0,1,0,0,0.7,21.82,6240,0,1,52,1653,1
0,0,1,1,0,0,0,0,1,0,0,0,0,0,1,0,0,0,0,0,0.75,4.6,960,0,0,8,0,0
0,0,1,1,0,0,0,0,1,0,0,0,0,0,0,1,0,0,0,0,0.7,4.6,960,0,0,8,0,0
0,0,1,0,0,0,0,0,1,0,0,0,1,0,0,0,0,0,0,0,0.8,30.1,1200,49,1,59,15,0
0,0,1,0,0,0,0,0,1,0,0,0,0,0,0,0,0,0,0,0,0.65,22.53,5040,0,1,42,762,0
0,0,1,1,0,0,0,0,1,1,0,0,0,0,0,0,0,0,0,0,0.7,3.9,960,0,0,8,0,0
0,0,1,1,0,0,0,0,1,0,0,0,0,1,0,0,0,0,0,0,0.75,2.9,960,0,0,8,0,0
0,0,1,1,0,0,0,0,1,0,0,0,0,0,0,0,1,0,0,0,0.7,2.9,960,0,0,8,0,0
0,0,1,1,0,0,1,0,0,0,1,0,0,0,0,0,0,0,0,0,0.8,4.6,6300,0,0,15,0,1
0,0,1,1,0,0,1,0,0,0,0,0,1,0,0,0,0,0,0,0,0.8,4.6,7560,0,0,18,0,1
0,0,1,0,0,0,1,0,0,0,0,0,0,0,1,0,0,0,0,0,0.8,30.1,4080,50,1,59,694,1
0,0,1,0,0,0,1,0,0,0,0,0,0,0,0,0,0,0,1,0,0.8,11.61,2820,50,1,57,816,1
0,0,1,0,0,0,1,0,0,0,0,0,0,0,0,0,0,0,0,1,0.8,15.26,4080,63,0,34,1065,1
0,0,1,1,0,0,1,0,0,0,0,0,0,0,0,0,0,0,0,0,0.5,3.94,3360,0,0,8,0,1
0,0,1,0,0,0,1,0,0,0,0,0,0,1,0,0,0,0,0,0,0.75,18.79,3960,45,0,33,912,1
0,0,1,0,0,0,1,0,0,0,1,0,0,0,0,0,0,0,0,0,0.75,29.4,6840,45,1,57,1244,1
0,0,1,0,0,0,1,0,0,0,0,0,0,0,0,0,1,0,0,0,0.75,18.79,5640,45,1,52,1020,1
0,0,1,0,0,0,1,0,0,0,0,0,0,0,0,1,0,0,0,0,0.75,29.4,6960,56,1,58,916,1
0,0,1,0,0,0,1,0,0,0,0,0,0,0,0,0,0,1,0,0,0.7,21.82,3240,0,1,52,1591,1
0,0,1,0,0,0,1,0,0,1,0,0,0,0,0,0,0,0,0,0,0.7,30.33,6960,0,1,58,398,0
0,0,1,1,0,0,1,0,0,0,0,0,0,0,0,0,0,0,0,1,0.8,4.6,3780,0,0,9,0,0
0,0,1,1,0,0,1,0,0,1,0,0,0,0,0,0,0,0,0,0,0.7,3.9,960,0,0,8,0,0
0,0,1,0,0,0,1,0,0,0,0,1,0,0,0,0,0,0,0,0,0.8,30.1,7080,32,1,59,437,0
0,0,1,0,0,0,1,0,0,0,0,0,1,0,0,0,0,0,0,0,0.35,27.48,6840,38,1,57,413,1
0,0,1,1,0,0,1,0,0,0,0,0,0,0,0,0,0,1,0,0,0.7,2.9,3360,0,0,8,0,0
0,0,1,1,0,0,1,0,0,0,0,0,0,0,0,0,1,0,0,0,0.75,2.9,960,0,0,8,0,0
0,0,1,0,0,0,1,0,0,0,0,0,0,0,0,0,0,0,0,0,0.35,26.66,6600,23,1,55,1164,1
0,0,1,1,0,0,1,0,0,0,0,0,0,0,0,1,0,0,0,0,0.75,4.6,3360,0,0,8,0,0
0,0,1,1,0,0,1,0,0,0,0,0,0,1,0,0,0,0,0,0,0.75,2.9,3360,0,0,8,0,0
0,0,1,1,1,0,0,0,0,0,1,0,0,0,0,0,0,0,0,0,0.8,4.6,6300,0,0,15,0,1
0,0,1,1,1,0,0,0,0,0,0,0,1,0,0,0,0,0,0,0,0.8,4.6,7560,0,0,18,0,1
0,0,1,0,1,0,0,0,0,0,0,0,0,0,0,0,0,0,1,0,0.8,11.61,0,50,1,58,954,1
0,0,1,0,1,0,0,0,0,0,0,0,0,0,0,0,0,0,0,1,0.8,15.26,1700,62,0,34,1194,1
0,0,1,0,1,0,0,0,0,0,0,0,0,0,1,0,0,0,0,0,0.8,30.1,840,38,1,59,644,1
0,0,1,1,1,0,0,0,0,0,0,0,0,0,0,0,0,0,0,0,0.5,3.94,3360,0,0,8,0,1
0,0,1,0,1,0,0,0,0,0,1,0,0,0,0,0,0,0,0,0,0.75,29.4,4440,45,1,57,1144,1
0,0,1,0,1,0,0,0,0,0,0,0,0,1,0,0,0,0,0,0,0.75,18.79,3960,45,0,33,1012,1
0,0,1,0,1,0,0,0,0,0,0,0,0,0,0,1,0,0,0,0,0.75,29.4,4560,56,1,58,792,1
0,0,1,0,1,0,0,0,0,0,0,0,0,0,0,0,1,0,0,0,0.75,18.79,6240,45,1,52,841,1
0,0,1,0,1,0,0,0,0,0,0,0,0,0,0,0,0,1,0,0,0.7,21.82,6120,40,1,51,1448,1
0,0,1,0,1,0,0,0,0,1,0,0,0,0,0,0,0,0,0,0,0.7,30.33,4560,0,1,58,512,1
0,0,1,1,1,0,0,0,0,0,0,0,0,0,0,0,0,0,0,1,0.8,4.6,3780,0,0,9,0,0
0,0,1,1,1,0,0,0,0,1,0,0,0,0,0,0,0,0,0,0,0.7,3.9,960,0,0,8,0,0
0,0,1,0,1,0,0,0,0,0,0,0,1,0,0,0,0,0,0,0,0.5,27.48,6840,30,1,57,609,1
0,0,1,0,1,0,0,0,0,0,0,0,0,0,0,0,0,0,0,0,0.5,26.66,6840,30,1,57,1448,1
0,0,1,0,1,0,0,0,0,0,0,1,0,0,0,0,0,0,0,0,0.5,26.66,6960,23,1,58,556,1
0,0,1,1,1,0,0,0,0,0,0,0,0,0,0,0,0,1,0,0,0.7,2.9,3360,0,0,8,0,0
0,0,1,1,1,0,0,0,0,0,0,0,0,0,0,0,1,0,0,0,0.75,2.9,960,0,0,8,0,0
0,0,1,1,1,0,0,0,0,0,0,0,0,0,0,1,0,0,0,0,0.75,4.6,3360,0,0,8,0,0
0,0,1,1,1,0,0,0,0,0,0,0,0,1,0,0,0,0,0,0,0.75,2.9,3360,0,0,8,0,0
0,0,0,1,0,1,0,0,0,0,1,0,0,0,0,0,0,0,0,0,0.8,4.6,10500,0,0,25,0,1
0,0,0,1,0,1,0,0,0,0,0,0,0,0,0,1,0,0,0,0,0.75,4.6,3360,0,0,8,0,1
0,0,0,0,0,1,0,0,0,0,0,0,0,0,0,0,0,0,0,1,0.8,15.26,4080,63,0,34,1106,1
0,0,0,0,0,1,0,0,0,0,0,0,0,0,0,1,0,0,0,0,0.75,29.4,6240,56,0,57,622,1
0,0,0,0,0,1,0,0,0,0,0,0,0,1,0,0,0,0,0,0,0.75,18.79,3960,45,0,33,1193,1
0,0,0,0,0,1,0,0,0,0,1,0,0,0,0,0,0,0,0,0,0.75,29.4,6840,45,0,57,1143,1
0,0,0,0,0,1,0,0,0,0,0,0,0,0,0,0,1,0,0,0,0.75,18.79,6240,34,0,52,895,1
0,0,0,0,0,1,0,0,0,0,0,0,1,0,0,0,0,0,0,0,0.6,27.48,6720,38,0,56,549,1
0,0,0,0,0,1,0,0,0,0,0,0,0,0,0,0,0,1,0,0,0.7,21.82,5640,30,0,52,1393,1
0,0,0,0,0,1,0,0,0,0,0,0,0,0,0,0,0,0,0,0,0.6,26.66,6840,38,0,57,1578,1
0,0,0,0,0,1,0,0,0,1,0,0,0,0,0,0,0,0,0,0,0.7,30.33,1800,0,0,58,254,0
0,0,0,0,0,1,0,0,0,0,0,0,0,0,0,0,0,0,1,0,0.8,11.61,0,50,0,57,347,0
0,0,0,1,0,1,0,0,0,0,0,1,0,0,0,0,0,0,0,0,0.6,3.94,960,0,0,8,0,1
0,0,0,1,0,1,0,0,0,0,0,0,0,0,0,0,0,1,0,0,0.7,2.9,3360,0,0,8,0,0
0,0,0,0,0,1,0,0,0,0,0,1,0,0,0,0,0,0,0,0,0.6,26.66,6840,23,0,57,692,1
0,0,0,1,0,1,0,0,0,1,0,0,0,0,0,0,0,0,0,0,0.7,3.9,960,0,0,8,0,0
0,0,0,0,0,1,0,0,0,0,0,0,0,0,1,0,0,0,0,0,0.8,30.1,6960,0,0,58,934,0
0,0,0,1,0,1,0,0,0,0,0,0,0,0,0,0,0,0,0,0,0.6,3.94,3360,0,0,8,0,0
0,0,0,1,0,1,0,0,0,0,0,0,0,0,0,0,1,0,0,0,0.75,2.9,960,0,0,8,0,0
0,0,0,1,0,1,0,0,0,0,0,0,0,0,1,0,0,0,0,0,0.8,4.6,3360,0,0,8,0,0
0,0,0,1,0,0,0,0,0,1,0,0,0,0,0,0,0,0,0,0,0.7,3.9,1200,0,0,10,0,1
0,0,0,1,0,0,0,0,0,0,1,0,0,0,0,0,0,0,0,0,0.8,4.6,10080,0,0,24,0,1
0,0,0,1,0,0,0,0,0,0,0,1,0,0,0,0,0,0,0,0,0.65,3.94,960,0,0,8,0,1
0,0,0,0,0,0,0,0,0,0,0,0,0,0,0,0,0,0,0,0,0.65,26.66,6840,65,0,57,1527,1
0,0,0,0,0,0,0,0,0,0,0,0,0,0,0,0,0,0,0,1,0.8,15.26,4080,63,0,34,1035,1
0,0,0,1,0,0,0,0,0,0,0,0,0,0,0,0,1,0,0,0,0.75,2.9,1200,0,0,10,0,1
0,0,0,0,0,0,0,0,0,0,0,0,0,0,0,0,0,0,1,0,0.8,11.61,0,50,0,57,632,1
0,0,0,0,0,0,0,0,0,0,1,0,0,0,0,0,0,0,0,0,0.8,29.4,4680,50,0,57,1231,1
0,0,0,0,0,0,0,0,0,0,0,0,0,0,1,0,0,0,0,0,0.8,30.1,7080,0,0,59,616,1
0,0,0,1,0,0,0,0,0,0,0,0,0,0,0,1,0,0,0,0,0.75,4.6,3360,0,0,8,0,1
0,0,0,0,0,0,0,0,0,0,0,0,0,1,0,0,0,0,0,0,0.75,18.79,2880,34,0,33,947,1
0,0,0,0,0,0,0,0,0,0,0,0,0,0,0,1,0,0,0,0,0.75,29.4,6840,45,0,57,551,1
0,0,0,0,0,0,0,0,0,0,0,0,0,0,0,0,1,0,0,0,0.75,18.79,6240,45,0,52,935,1
0,0,0,0,0,0,0,0,0,0,0,1,0,0,0,0,0,0,0,0,0.65,26.66,6780,55,0,57,832,1
0,0,0,0,0,0,0,0,0,0,0,0,1,0,0,0,0,0,0,0,0.65,27.48,6720,34,0,56,544,1
0,0,0,0,0,0,0,0,0,0,0,0,0,0,0,0,0,1,0,0,0.7,21.82,3600,30,0,51,1511,1
0,0,0,1,0,0,0,0,0,0,0,0,0,0,0,0,0,1,0,0,0.7,2.9,3360,0,0,8,0,0
0,0,0,1,0,0,0,0,0,0,0,0,0,0,0,0,0,0,0,1,0.8,4.6,3780,0,0,9,0,0
0,0,0,1,0,0,0,0,0,0,0,0,0,0,0,0,0,0,0,0,0.65,3.94,3360,0,0,8,0,0
0,0,0,1,0,0,0,0,0,0,0,0,0,0,1,0,0,0,0,0,0.8,4.6,3360,0,0,8,0,0
0,0,0,1,0,0,0,1,0,0,0,0,0,0,1,0,0,0,0,0,0.8,4.6,4200,0,0,10,0,1
0,0,0,1,0,0,0,1,0,0,1,0,0,0,0,0,0,0,0,0,0.8,4.6,6300,0,0,15,0,1
0,0,0,0,0,0,0,1,0,0,0,0,0,0,0,0,0,0,1,0,0.8,11.41,0,50,0,56,601,1
0,0,0,0,0,0,0,1,0,0,0,0,0,0,0,0,0,0,0,0,0.7,26.66,6960,60,0,58,1562,1
0,0,0,0,0,0,0,1,0,0,0,0,0,0,0,0,0,0,0,1,0.8,15.26,4080,50,0,34,983,1
0,0,0,0,0,0,0,1,0,0,1,0,0,0,0,0,0,0,0,0,0.8,29.4,6840,50,0,57,1156,1
0,0,0,0,0,0,0,1,0,0,0,0,0,0,1,0,0,0,0,0,0.8,30.1,7080,50,0,59,29,1
0,0,0,0,0,0,0,1,0,0,0,1,0,0,0,0,0,0,0,0,0.7,26.66,6960,50,0,58,950,1
0,0,0,0,0,0,0,1,0,0,0,0,0,0,0,1,0,0,0,0,0.75,29.4,6840,56,0,57,534,1
0,0,0,0,0,0,0,1,0,0,0,0,0,0,0,0,1,0,0,0,0.75,18.79,6240,34,0,52,1096,1
0,0,0,0,0,0,0,1,0,0,0,0,0,1,0,0,0,0,0,0,0.75,20.2,3120,45,0,33,402,1
0,0,0,1,0,0,0,1,0,0,0,0,0,0,0,1,0,0,0,0,0.75,4.6,3360,0,0,8,0,0
0,0,0,0,0,0,0,1,0,0,0,0,1,0,0,0,0,0,0,0,0.7,27.48,6840,30,0,57,573,1
0,0,0,0,0,0,0,1,0,0,0,0,0,0,0,0,0,1,0,0,0.7,21.82,5040,30,0,51,1313,1
0,0,0,1,0,0,0,1,0,0,0,0,0,0,0,0,0,0,0,1,0.8,4.6,3780,0,0,9,0,0
0,0,0,1,0,0,0,1,0,1,0,0,0,0,0,0,0,0,0,0,0.4,3.9,6300,0,0,15,0,1
0,0,0,1,0,0,0,1,0,0,0,0,0,0,0,0,0,0,0,0,0.7,3.94,3360,0,0,8,0,0
0,0,0,1,0,0,0,1,0,0,0,1,0,0,0,0,0,0,0,0,0.7,3.94,3360,0,0,8,0,0
0,0,0,1,0,0,0,1,0,0,0,0,0,0,0,0,0,1,0,0,0.7,2.9,3360,0,0,8,0,0
0,0,0,1,0,0,0,1,0,0,0,0,1,0,0,0,0,0,0,0,0.7,4.6,3360,0,0,8,0,0
0,0,0,1,0,0,0,1,0,0,0,0,0,1,0,0,0,0,0,0,0.75,2.9,3360,0,0,8,0,0
0,0,0,0,0,0,0,1,0,1,0,0,0,0,0,0,0,0,0,0,0.4,15.28,5400,0,1,45,157,0
0,0,0,1,0,0,0,0,1,0,1,0,0,0,0,0,0,0,0,0,0.8,4.6,1200,0,0,10,0,1
0,0,0,1,0,0,0,0,1,0,0,0,0,0,0,1,0,0,0,0,0.8,4.6,960,0,0,8,0,1
0,0,0,1,0,0,0,0,1,0,0,0,0,0,0,0,0,0,0,1,0.8,4.6,1080,0,0,9,0,1
0,0,0,1,0,0,0,0,1,0,0,0,0,0,0,0,1,0,0,0,0.75,2.9,960,0,0,8,0,1
0,0,0,1,0,0,0,0,1,0,0,0,0,0,0,0,0,0,0,0,0.7,3.94,960,0,0,8,0,1
0,0,0,1,0,0,0,0,1,0,0,1,0,0,0,0,0,0,0,0,0.7,3.94,960,0,0,8,0,1
0,0,0,0,0,0,0,0,1,0,0,0,0,0,0,0,0,0,1,0,0.8,11.41,0,38,0,56,433,1
0,0,0,0,0,0,0,0,1,0,0,0,0,0,0,0,0,0,0,1,0.8,15.26,4080,50,0,34,961,1
0,0,0,0,0,0,0,0,1,0,1,0,0,0,0,0,0,0,0,0,0.8,29.4,6840,63,0,57,1169,1
0,0,0,0,0,0,0,0,1,0,0,0,0,0,1,0,0,0,0,0,0.8,30.1,3960,50,0,59,874,1
0,0,0,0,0,0,0,0,1,0,0,1,0,0,0,0,0,0,0,0,0.7,26.82,6960,60,0,58,1028,1
0,0,0,0,0,0,0,0,1,0,0,0,0,0,0,0,0,0,0,0,0.7,26.82,6960,50,0,58,1772,1
0,0,0,0,0,0,0,0,1,0,0,0,0,0,0,0,1,0,0,0,0.75,18.79,6240,34,0,52,1206,1
0,0,0,0,0,0,0,0,1,0,0,0,1,0,0,0,0,0,0,0,0.7,27.48,6960,40,0,58,586,1
0,0,0,0,0,0,0,0,1,0,0,0,0,0,0,0,0,1,0,0,0.7,21.82,5760,30,0,53,1334,1
0,0,0,1,0,0,0,0,1,0,0,0,0,0,1,0,0,0,0,0,0.8,4.6,8400,0,0,20,0,0
0,0,0,1,0,0,0,0,1,0,0,0,1,0,0,0,0,0,0,0,0.7,4.6,960,0,0,8,0,0
0,0,0,1,0,0,0,0,1,1,0,0,0,0,0,0,0,0,0,0,0.5,3.9,960,0,0,8,0,1
0,0,0,0,0,0,0,0,1,0,0,0,0,0,0,1,0,0,0,0,0.8,29.4,6840,0,0,57,30,0
0,0,0,0,0,0,0,0,1,1,0,0,0,0,0,0,0,0,0,0,0.5,15.28,5520,0,1,46,261,0
0,0,0,0,0,0,0,0,1,0,0,0,0,1,0,0,0,0,0,0,0.75,18.79,3960,0,0,33,52,0
0,0,0,1,0,0,1,0,0,0,0,0,0,0,0,1,0,0,0,0,0.8,4.6,2640,0,0,22,0,1
0,0,0,1,0,0,1,0,0,1,0,0,0,0,0,0,0,0,0,0,0.6,3.9,960,0,0,8,0,1
0,0,0,1,0,0,1,0,0,0,0,0,0,0,0,0,0,0,1,0,0.8,2.9,1200,0,0,10,0,1
0,0,0,1,0,0,1,0,0,0,0,0,0,0,0,0,0,0,0,1,0.8,4.6,1080,0,0,9,0,1
0,0,0,1,0,0,1,0,0,0,0,0,0,0,0,0,0,0,0,0,0.7,3.94,960,0,0,8,0,1
0,0,0,1,0,0,1,0,0,0,0,1,0,0,0,0,0,0,0,0,0.7,3.94,960,0,0,8,0,1
0,0,0,1,0,0,1,0,0,0,1,0,0,0,0,0,0,0,0,0,0.8,4.6,1800,0,0,15,0,1
0,0,0,0,0,0,1,0,0,0,0,0,0,0,0,0,0,0,1,0,0.8,11.41,3420,50,0,56,455,1
0,0,0,0,0,0,1,0,0,0,1,0,0,0,0,0,0,0,0,0,0.8,29.4,1800,63,0,57,797,1
0,0,0,0,0,0,1,0,0,0,0,0,0,0,0,0,0,0,0,1,0.8,15.26,4080,50,0,34,959,1
0,0,0,0,0,0,1,0,0,0,0,0,0,0,0,0,0,0,0,0,0.7,26.82,6960,50,0,58,1373,1
0,0,0,0,0,0,1,0,0,0,0,0,0,0,0,0,1,0,0,0,0.75,18.79,6240,45,0,52,1228,1
0,0,0,0,0,0,1,0,0,0,0,1,0,0,0,0,0,0,0,0,0.7,26.82,7080,50,0,59,1117,1
0,0,0,0,0,0,1,0,0,0,0,0,1,0,0,0,0,0,0,0,0.7,27.48,6960,40,0,58,230,1
0,0,0,0,0,0,1,0,0,0,0,0,0,0,0,0,0,1,0,0,0.7,21.82,6000,30,0,50,1390,1
0,0,0,0,0,0,1,0,0,1,0,0,0,0,0,0,0,0,0,0,0.6,15.28,1320,0,1,46,529,1
0,0,0,1,0,0,1,0,0,0,0,0,0,0,0,0,1,0,0,0,0.75,2.9,960,0,0,8,0,0
0,0,0,0,0,0,1,0,0,0,0,0,0,0,1,0,0,0,0,0,0.8,30.1,1200,0,0,59,834,0
0,0,0,0,0,0,1,0,0,0,0,0,0,1,0,0,0,0,0,0,0.35,22.53,2640,0,1,39,1450,0
0,0,0,1,1,0,0,0,0,0,0,0,0,0,0,0,0,0,0,1,0.8,4.6,1080,0,0,9,0,1
0,0,0,0,1,0,0,0,0,0,0,0,0,0,0,0,0,0,0,1,0.8,15.26,4080,75,0,34,986,1
0,0,0,0,1,0,0,0,0,0,0,0,0,0,0,0,0,0,0,0,0.7,26.82,8160,70,0,58,1267,1
0,0,0,1,1,0,0,0,0,0,0,0,0,0,1,0,0,0,0,0,0.8,4.6,6000,0,0,25,0,1
0,0,0,1,1,0,0,0,0,0,0,0,1,0,0,0,0,0,0,0,0.35,3.94,2400,0,0,10,0,1
0,0,0,0,1,0,0,0,0,0,0,1,0,0,0,0,0,0,0,0,0.7,26.82,6960,60,0,58,1195,1
0,0,0,0,1,0,0,0,0,0,1,0,0,0,0,0,0,0,0,0,0.8,29.4,6840,63,1,57,983,1
0,0,0,0,1,0,0,0,0,0,0,0,0,0,0,0,0,0,1,0,0.8,11.41,3420,50,0,58,471,1
0,0,0,1,1,0,0,0,0,0,0,0,0,1,0,0,0,0,0,0,0.5,2.9,960,0,0,8,0,1
0,0,0,0,1,0,0,0,0,0,0,0,0,0,0,0,1,0,0,0,0.75,18.79,3480,45,0,51,1226,1
0,0,0,0,1,0,0,0,0,0,0,0,0,0,0,0,0,1,0,0,0.7,21.82,6000,30,0,50,1251,1
0,0,0,1,1,0,0,0,0,0,0,0,0,0,0,0,0,0,0,0,0.7,3.94,960,0,0,8,0,0
0,0,0,1,1,0,0,0,0,0,0,1,0,0,0,0,0,0,0,0,0.7,3.94,960,0,0,8,0,0
0,0,0,1,1,0,0,0,0,0,0,0,0,0,0,0,0,0,1,0,0.8,2.9,960,0,0,8,0,0
0,0,0,0,1,0,0,0,0,1,0,0,0,0,0,0,0,0,0,0,0.65,16.1,4200,0,1,45,626,1
0,0,0,1,1,0,0,0,0,0,0,0,0,0,0,1,0,0,0,0,0.8,4.6,3600,0,0,15,0,0
0,0,0,1,1,0,0,0,0,1,0,0,0,0,0,0,0,0,0,0,0.65,3.9,1920,0,0,8,0,0
0,0,0,0,1,0,0,0,0,0,0,0,0,1,0,0,0,0,0,0,0.5,23.41,2280,0,1,39,1379,1
0,0,0,0,1,0,0,0,0,0,0,0,1,0,0,0,0,0,0,0,0.7,27.48,6960,24,1,58,541,0
1,0,0,1,0,1,0,0,0,0,1,0,0,0,0,0,0,0,0,0,0.8,4.6,1440,0,0,12,0,1
1,0,0,1,0,1,0,0,0,0,0,0,0,0,0,0,0,0,0,1,0.8,4.6,1080,0,0,9,0,1
1,0,0,1,0,1,0,0,0,0,0,0,0,0,0,0,1,0,0,0,0.75,2.9,1080,0,0,9,0,1
1,0,0,1,0,1,0,0,0,0,0,0,0,0,0,0,0,0,0,0,0.75,3.94,960,0,0,8,0,1
1,0,0,1,0,1,0,0,0,0,0,1,0,0,0,0,0,0,0,0,0.75,3.94,960,0,0,8,0,1
1,0,0,1,0,1,0,0,0,1,0,0,0,0,0,0,0,0,0,0,0.7,3.9,1200,0,0,10,0,1
1,0,0,1,0,1,0,0,0,0,0,0,1,0,0,0,0,0,0,0,0.5,3.94,960,0,0,8,0,1
1,0,0,0,0,1,0,0,0,0,0,1,0,0,0,0,0,0,0,0,0.75,26.82,6840,65,0,57,1082,1
1,0,0,0,0,1,0,0,0,0,0,0,0,0,0,0,0,0,0,0,0.75,26.82,6960,65,0,58,1254,1
1,0,0,0,0,1,0,0,0,0,1,0,0,0,0,0,0,0,0,0,0.8,30.1,3360,50,1,57,1278,1
1,0,0,0,0,1,0,0,0,0,0,0,0,0,0,0,0,0,0,1,0.8,15.26,4080,63,0,34,1064,1
1,0,0,0,0,1,0,0,0,0,0,0,0,0,0,0,0,0,1,0,0.8,11.41,3420,50,0,58,313,1
1,0,0,1,0,1,0,0,0,0,0,0,0,0,0,0,0,0,1,0,0.8,2.9,960,0,0,8,0,0
1,0,0,0,0,1,0,0,0,0,0,0,0,0,0,0,1,0,0,0,0.75,18.79,5640,45,0,52,1239,1
1,0,0,0,0,1,0,0,0,0,0,0,0,0,0,0,0,1,0,0,0.7,21.82,6000,30,0,50,1335,1
1,0,0,0,0,1,0,0,0,1,0,0,0,0,0,0,0,0,0,0,0.7,16.1,4800,30,1,45,928,1
1,0,0,0,0,1,0,0,0,0,0,0,0,1,0,0,0,0,0,0,0.6,23.41,2520,23,1,38,1266,1
1,0,0,0,0,1,0,0,0,0,0,0,0,0,0,1,0,0,0,0,0.6,30.48,6720,0,1,56,869,1
1,0,0,0,0,1,0,0,0,0,0,0,1,0,0,0,0,0,0,0,0.5,26.82,7080,23,1,59,711,1
1,0,0,1,0,1,0,0,0,0,0,0,0,0,0,1,0,0,0,0,0.6,3.9,960,0,0,8,0,0
1,0,0,1,0,1,0,0,0,0,0,0,0,0,0,0,0,1,0,0,0.7,2.9,960,0,0,8,0,0
1,0,0,1,0,1,0,0,0,0,0,0,0,1,0,0,0,0,0,0,0.6,2.9,960,0,0,8,0,0
1,0,0,1,0,0,0,0,0,0,0,0,0,0,0,0,0,0,1,0,0.8,2.9,0,960,0,8,0,1
1,0,0,1,0,0,0,0,0,0,0,0,0,0,0,0,0,0,0,1,0.8,4.6,0,1080,0,9,0,1
1,0,0,1,0,0,0,0,0,0,0,0,1,0,0,0,0,0,0,0,0.6,3.94,0,2880,0,12,0,1
1,0,0,0,0,0,0,0,0,0,0,1,0,0,0,0,0,0,0,0,0.75,26.82,7020,65,0,58,1079,1
1,0,0,0,0,0,0,0,0,0,0,0,0,0,0,0,0,0,0,0,0.75,26.82,7140,65,0,59,1322,1
1,0,0,1,0,0,0,0,0,0,0,0,0,0,0,0,1,0,0,0,0.75,2.9,0,3600,0,15,0,1
1,0,0,0,0,0,0,0,0,0,1,0,0,0,0,0,0,0,0,0,0.8,30.1,5160,50,1,58,964,1
1,0,0,0,0,0,0,0,0,0,0,0,0,0,0,0,0,0,0,1,0.8,15.26,4080,63,0,34,1132,1
1,0,0,0,0,0,0,0,0,0,0,0,0,0,0,0,0,0,1,0,0.8,11.41,3420,50,0,58,357,1
1,0,0,1,0,0,0,0,0,0,1,0,0,0,0,0,0,0,0,0,0.8,4.6,0,1440,0,12,0,1
1,0,0,1,0,0,0,0,0,0,0,1,0,0,0,0,0,0,0,0,0.75,3.94,0,960,0,8,0,1
1,0,0,1,0,0,0,0,0,0,0,0,0,0,0,0,0,0,0,0,0.75,3.94,0,960,0,8,0,1
1,0,0,0,0,0,0,0,0,0,0,0,0,0,0,0,1,0,0,0,0.75,18.79,6240,45,0,52,1193,1
1,0,0,0,0,0,0,0,0,1,0,0,0,0,0,0,0,0,0,0,0.7,16.1,5520,30,1,45,817,1
1,0,0,0,0,0,0,0,0,0,0,0,0,0,0,0,0,1,0,0,0.7,21.82,6000,30,0,50,1576,1
1,0,0,1,0,0,0,0,0,1,0,0,0,0,0,0,0,0,0,0,0.7,3.9,0,1200,0,10,0,0
1,0,0,0,0,0,0,0,0,0,0,0,0,1,0,0,0,0,0,0,0.65,23.41,4560,35,1,38,1262,1
1,0,0,0,0,0,0,0,0,0,0,0,0,0,0,1,0,0,0,0,0.65,30.48,6720,26,1,56,953,1
1,0,0,0,0,0,0,0,0,0,0,0,1,0,0,0,0,0,0,0,0.6,26.82,7080,23,1,59,919,1
1,0,0,0,0,0,0,0,0,0,0,0,0,0,1,0,0,0,0,0,0.5,30.48,6600,0,1,55,1161,1
1,0,0,1,0,0,0,0,0,0,0,0,0,0,0,0,0,1,0,0,0.7,2.9,0,960,0,8,0,0
1,0,0,1,0,0,0,0,0,0,0,0,0,0,0,1,0,0,0,0,0.65,3.9,0,960,0,8,0,0
1,0,0,1,0,0,0,1,0,0,0,0,0,0,0,0,0,0,0,1,0.8,4.6,1080,0,0,9,0,1
1,0,0,1,0,0,0,1,0,0,0,0,1,0,0,0,0,0,0,0,0.6,3.94,1440,0,0,12,0,1
1,0,0,0,0,0,0,1,0,0,0,0,0,0,0,0,0,0,0,0,0.75,26.82,7080,75,0,59,1574,1
1,0,0,1,0,0,0,1,0,0,1,0,0,0,0,0,0,0,0,0,0.8,4.6,1440,0,0,12,0,1
1,0,0,1,0,0,0,1,0,0,0,1,0,0,0,0,0,0,0,0,0.75,3.94,960,0,0,8,0,1
1,0,0,1,0,0,0,1,0,0,0,0,0,0,0,0,0,0,0,0,0.75,3.94,960,0,0,8,0,1
1,0,0,0,0,0,0,1,0,0,0,1,0,0,0,0,0,0,0,0,0.75,26.82,5880,65,0,59,1104,1
1,0,0,1,0,0,0,1,0,0,0,0,0,0,0,0,1,0,0,0,0.75,2.9,1800,0,0,15,0,1
1,0,0,0,0,0,0,1,0,0,0,0,0,0,0,0,0,0,0,1,0.8,15.26,4080,63,0,34,1069,1
1,0,0,0,0,0,0,1,0,0,1,0,0,0,0,0,0,0,0,0,0.8,30.1,6960,63,1,58,756,1
1,0,0,0,0,0,0,1,0,0,0,0,0,0,0,0,0,0,1,0,0.8,11.41,3420,50,0,58,338,1
1,0,0,1,0,0,0,1,0,0,0,0,0,0,0,0,0,0,1,0,0.8,2.9,960,0,0,8,0,0
1,0,0,0,0,0,0,1,0,0,0,0,0,0,0,0,0,1,0,0,0.75,21.82,6000,34,0,50,1499,1
1,0,0,0,0,0,0,1,0,0,0,0,0,0,0,0,1,0,0,0,0.75,18.79,6240,45,0,52,1247,1
1,0,0,1,0,0,0,1,0,1,0,0,0,0,0,0,0,0,0,0,0.7,3.9,960,0,0,8,0,1
1,0,0,0,0,0,0,1,0,0,0,0,0,0,0,1,0,0,0,0,0.7,30.48,6840,30,1,57,923,1
1,0,0,0,0,0,0,1,0,0,0,0,0,1,0,0,0,0,0,0,0.7,23.41,4560,30,1,38,1180,1
1,0,0,0,0,0,0,1,0,1,0,0,0,0,0,0,0,0,0,0,0.7,16.1,5400,40,1,45,957,1
1,0,0,0,0,0,0,1,0,0,0,0,1,0,0,0,0,0,0,0,0.65,26.82,7080,26,1,59,1001,1
1,0,0,0,0,0,0,1,0,0,0,0,0,0,1,0,0,0,0,0,0.6,30.48,6840,25,1,57,1017,1
1,0,0,1,0,0,0,1,0,0,0,0,0,0,0,1,0,0,0,0,0.65,3.9,960,0,0,8,0,0
1,0,0,1,0,0,0,1,0,0,0,0,0,0,1,0,0,0,0,0,0.5,3.9,960,0,0,8,0,1
1,0,0,1,0,0,0,1,0,0,0,0,0,0,0,0,0,1,0,0,0.7,2.9,960,0,0,8,0,0
1,0,0,1,0,0,0,0,1,0,0,0,0,0,0,0,0,0,0,1,0.8,4.6,2160,0,0,9,0,1
1,0,0,1,0,0,0,0,1,0,0,0,0,0,0,0,0,0,1,0,0.8,2.9,2400,0,0,10,0,1
1,0,0,1,0,0,0,0,1,1,0,0,0,0,0,0,0,0,0,0,0.75,3.9,1920,0,0,8,0,1
1,0,0,1,0,0,0,0,1,0,0,1,0,0,0,0,0,0,0,0,0.75,3.94,1920,0,0,8,0,1
1,0,0,1,0,0,0,0,1,0,0,0,0,0,0,0,0,0,0,0,0.75,3.94,1920,0,0,8,0,1
1,0,0,0,0,0,0,0,1,0,0,0,0,0,0,0,0,0,0,1,0.8,15.26,4080,63,0,34,470,1
1,0,0,0,0,0,0,0,1,0,1,0,0,0,0,0,0,0,0,0,0.8,30.1,6960,63,1,58,735,1
1,0,0,0,0,0,0,0,1,0,0,0,0,0,0,0,0,0,1,0,0.8,11.41,3420,50,0,58,560,1
1,0,0,1,0,0,0,0,1,0,1,0,0,0,0,0,0,0,0,0,0.8,4.6,1920,0,0,8,0,0
1,0,0,1,0,0,0,0,1,0,0,0,1,0,0,0,0,0,0,0,0.7,3.94,1440,0,0,12,0,1
1,0,0,0,0,0,0,0,1,0,0,0,0,0,0,0,0,1,0,0,0.75,21.82,6000,34,0,50,1674,1
1,0,0,0,0,0,0,0,1,0,0,0,0,0,0,0,1,0,0,0,0.75,18.79,5040,45,0,52,290,1
1,0,0,0,0,0,0,0,1,1,0,0,0,0,0,0,0,0,0,0,0.75,16.1,5400,45,1,45,971,1
1,0,0,0,0,0,0,0,1,0,0,0,0,0,0,0,0,0,0,0,0.75,26.82,7080,45,0,59,1322,1
1,0,0,0,0,0,0,0,1,0,0,1,0,0,0,0,0,0,0,0,0.75,26.82,7080,45,0,59,1054,1
1,0,0,0,0,0,0,0,1,0,0,0,1,0,0,0,0,0,0,0,0.7,26.82,6960,30,1,58,992,1
1,0,0,0,0,0,0,0,1,0,0,0,0,0,0,1,0,0,0,0,0.7,30.48,6840,30,1,57,914,1
1,0,0,0,0,0,0,0,1,0,0,0,0,1,0,0,0,0,0,0,0.7,23.41,4560,40,1,38,1128,1
1,0,0,0,0,0,0,0,1,0,0,0,0,0,1,0,0,0,0,0,0.65,30.48,6840,26,1,57,935,1
1,0,0,1,0,0,0,0,1,0,0,0,0,0,0,0,0,1,0,0,0.75,2.9,960,0,0,8,0,0
1,0,0,1,0,0,0,0,1,0,0,0,0,0,0,1,0,0,0,0,0.7,3.9,960,0,0,8,0,0
1,0,0,1,0,0,0,0,1,0,0,0,0,0,1,0,0,0,0,0,0.65,3.9,960,0,0,8,0,0
1,0,0,1,0,0,0,0,1,0,0,0,0,0,0,0,1,0,0,0,0.75,2.9,1800,0,0,15,0,0
1,0,0,1,0,0,0,0,1,0,0,0,0,1,0,0,0,0,0,0,0.7,2.9,720,0,0,6,0,0
